name	version	build	filename	sha256	url
_openmp_mutex	4.5	20_gnu	_openmp_mutex-4.5-20_gnu.conda	1dd3fffd892081df9726d7eb7e0dea6198962ba775bd88842135a4ddb4deb3c9	https://conda.anaconda.org/conda-forge/linux-64/_openmp_mutex-4.5-20_gnu.conda
biopython	1.88	py312h4c3975b_0	biopython-1.88-py312h4c3975b_0.conda	22abe88e4f8811e16d70c5cb98ffa987ffed5108e48f731bde4984c2e74c407c	https://conda.anaconda.org/conda-forge/linux-64/biopython-1.88-py312h4c3975b_0.conda
brotli	1.2.0	h505cf86_3	brotli-1.2.0-h505cf86_3.conda	1f2ccfebe6e0113bfc473b21906372c1ee4eb69bf6faef0ad7f3d4d79af63a98	https://conda.anaconda.org/conda-forge/linux-64/brotli-1.2.0-h505cf86_3.conda
brotli-bin	1.2.0	h9908984_3	brotli-bin-1.2.0-h9908984_3.conda	56b2e5e8a49f9887af74cc63e0d55a3654e60b667ad5558da089549a36ae6a0c	https://conda.anaconda.org/conda-forge/linux-64/brotli-bin-1.2.0-h9908984_3.conda
bzip2	1.0.8	hda65f42_10	bzip2-1.0.8-hda65f42_10.conda	1a0d382c515ebf55f8ee1f38c8b81bc95af5c2acc42ad53b66bc5df932032f96	https://conda.anaconda.org/conda-forge/linux-64/bzip2-1.0.8-hda65f42_10.conda
ca-certificates	2026.7.22	hbd8a1cb_0	ca-certificates-2026.7.22-hbd8a1cb_0.conda	0a0544cf95f64394fe4959286f5c71f5444ad58feb0602e53becb27448d24da6	https://conda.anaconda.org/conda-forge/noarch/ca-certificates-2026.7.22-hbd8a1cb_0.conda
contourpy	1.3.3	py312h0a2e395_4	contourpy-1.3.3-py312h0a2e395_4.conda	62447faf7e8eb691e407688c0b4b7c230de40d5ecf95bf301111b4d05c5be473	https://conda.anaconda.org/conda-forge/linux-64/contourpy-1.3.3-py312h0a2e395_4.conda
cycler	0.12.1	pyhcf101f3_2	cycler-0.12.1-pyhcf101f3_2.conda	bb47aec5338695ff8efbddbc669064a3b10fe34ad881fb8ad5d64fbfa6910ed1	https://conda.anaconda.org/conda-forge/noarch/cycler-0.12.1-pyhcf101f3_2.conda
et_xmlfile	2.0.0	pyhd8ed1ab_1	et_xmlfile-2.0.0-pyhd8ed1ab_1.conda	2209534fbf2f70c20661ff31f57ab6a97b82ee98812e8a2dcb2b36a0d345727c	https://conda.anaconda.org/conda-forge/noarch/et_xmlfile-2.0.0-pyhd8ed1ab_1.conda
expat	2.8.1	hecca717_1	expat-2.8.1-hecca717_1.conda	bc1e8177a4ebbbfcda98b6f4a1575f3337e69f0d2f1025a84570533ca27b89eb	https://conda.anaconda.org/conda-forge/linux-64/expat-2.8.1-hecca717_1.conda
fonttools	4.63.0	py312h8a5da7c_0	fonttools-4.63.0-py312h8a5da7c_0.conda	d235ae7075642044ceb3d922ef2a710a82665755ac9bbb7e8dad7daa72bc6d87	https://conda.anaconda.org/conda-forge/linux-64/fonttools-4.63.0-py312h8a5da7c_0.conda
freetype	2.14.3	ha770c72_2	freetype-2.14.3-ha770c72_2.conda	612a8e0c1a6ecae23da54d81ef395f6ebb5c8e4468ec2611593ebce75876a4e0	https://conda.anaconda.org/conda-forge/linux-64/freetype-2.14.3-ha770c72_2.conda
icu	75.1	he02047a_0	icu-75.1-he02047a_0.conda	71e750d509f5fa3421087ba88ef9a7b9be11c53174af3aa4d06aff4c18b38e8e	https://conda.anaconda.org/conda-forge/linux-64/icu-75.1-he02047a_0.conda
kiwisolver	1.5.0	py312h0a2e395_0	kiwisolver-1.5.0-py312h0a2e395_0.conda	eec7654c2d68f06590862c6e845cc70987b6d6559222b6f0e619dea4268f5dd5	https://conda.anaconda.org/conda-forge/linux-64/kiwisolver-1.5.0-py312h0a2e395_0.conda
lcms2	2.19.1	h0c24ade_1	lcms2-2.19.1-h0c24ade_1.conda	112b5b9462572d970f4abd2912f76a25ee7db158b1e7260163d91dd8a630db84	https://conda.anaconda.org/conda-forge/linux-64/lcms2-2.19.1-h0c24ade_1.conda
ld_impl_linux-64	2.46.1	default_hbd61a6d_102	ld_impl_linux-64-2.46.1-default_hbd61a6d_102.conda	27d83f1188cd19bcb7754a078b3fa7f4cfb8527f8eb2fde54dd01fc529d1adec	https://conda.anaconda.org/conda-forge/linux-64/ld_impl_linux-64-2.46.1-default_hbd61a6d_102.conda
lerc	4.2.0	hdb68285_0	lerc-4.2.0-hdb68285_0.conda	bf9fdebf55d8bc99d83531cdffda00703f4dc5f93a1a956768c147362c72feda	https://conda.anaconda.org/conda-forge/linux-64/lerc-4.2.0-hdb68285_0.conda
libblas	3.11.0	9_h4a7cf45_openblas	libblas-3.11.0-9_h4a7cf45_openblas.conda	39c7b3c5427b435c9c059ede9da61d46d42574e5b846ad37fdc3af4a5eab1e48	https://conda.anaconda.org/conda-forge/linux-64/libblas-3.11.0-9_h4a7cf45_openblas.conda
libbrotlicommon	1.2.0	h39a168f_3	libbrotlicommon-1.2.0-h39a168f_3.conda	e5864f257f839ffc27d681659bac95901f524f602b9121e5dcc5e2df18437f2d	https://conda.anaconda.org/conda-forge/linux-64/libbrotlicommon-1.2.0-h39a168f_3.conda
libbrotlidec	1.2.0	ha411449_3	libbrotlidec-1.2.0-ha411449_3.conda	dad31b6d104973deb89710929a35651033aad692d4e7793cdb5b786a9bd54678	https://conda.anaconda.org/conda-forge/linux-64/libbrotlidec-1.2.0-ha411449_3.conda
libbrotlienc	1.2.0	h018ffa1_3	libbrotlienc-1.2.0-h018ffa1_3.conda	d37124d0f51816e7d5e3a94bfc9ed3d6174d077f9b4f832d20c5a08b52bebf1f	https://conda.anaconda.org/conda-forge/linux-64/libbrotlienc-1.2.0-h018ffa1_3.conda
libcblas	3.11.0	9_h0358290_openblas	libcblas-3.11.0-9_h0358290_openblas.conda	4c532a70ea9aeff2fa1aabaa4828ebc00c2ed12b22aa8ba19da5302b882fc82b	https://conda.anaconda.org/conda-forge/linux-64/libcblas-3.11.0-9_h0358290_openblas.conda
libdeflate	1.25	hd45a770_1	libdeflate-1.25-hd45a770_1.conda	82e134c8a08b1eed9a2ed8ab578b89aa1730dcde3dea8dd87645ed0637878e54	https://conda.anaconda.org/conda-forge/linux-64/libdeflate-1.25-hd45a770_1.conda
libexpat	2.8.1	hecca717_1	libexpat-2.8.1-hecca717_1.conda	16feffd9ddbbe5b718515d38ee376c685ba95491cd901244e24671d20b952a77	https://conda.anaconda.org/conda-forge/linux-64/libexpat-2.8.1-hecca717_1.conda
libffi	3.7.0	h3435931_0	libffi-3.7.0-h3435931_0.conda	ac38603008bf1e99b8ed379b1a656a67a70e2841f2b6a069c630cdf6316012d2	https://conda.anaconda.org/conda-forge/linux-64/libffi-3.7.0-h3435931_0.conda
libfreetype	2.14.3	ha770c72_2	libfreetype-2.14.3-ha770c72_2.conda	fb12ecb46c30d18d928c0e8fc346ab13b5f6fc8a9cacae4f2f4bb188782586f5	https://conda.anaconda.org/conda-forge/linux-64/libfreetype-2.14.3-ha770c72_2.conda
libfreetype6	2.14.3	h5e6c136_2	libfreetype6-2.14.3-h5e6c136_2.conda	ec607dd5445dd17ff6bf8b7fe6832e5504c226dd91d3aaea7ba83569808b0ce4	https://conda.anaconda.org/conda-forge/linux-64/libfreetype6-2.14.3-h5e6c136_2.conda
libgcc	16.1.0	ha9f2e26_2	libgcc-16.1.0-ha9f2e26_2.conda	4b733b68027a638fd24a38aaed1ebb05e055bef694970fab745b1c7678ca16f1	https://conda.anaconda.org/conda-forge/linux-64/libgcc-16.1.0-ha9f2e26_2.conda
libgcc-ng	16.1.0	h69a702a_2	libgcc-ng-16.1.0-h69a702a_2.conda	23bfa3ade2de6e0b9af4a04cacd0d4d526c80a16686f264498475339f01d17d3	https://conda.anaconda.org/conda-forge/linux-64/libgcc-ng-16.1.0-h69a702a_2.conda
libgfortran	16.1.0	h69a702a_2	libgfortran-16.1.0-h69a702a_2.conda	f608de89b2579d0e3ffa748476ad50e26ef3f9adf9ebbb619db679663cbf88ac	https://conda.anaconda.org/conda-forge/linux-64/libgfortran-16.1.0-h69a702a_2.conda
libgfortran5	16.1.0	h79bb938_2	libgfortran5-16.1.0-h79bb938_2.conda	627b865f5ba4da4d5508e90453d9419f28ed8a72f8577086681b589cf9579fab	https://conda.anaconda.org/conda-forge/linux-64/libgfortran5-16.1.0-h79bb938_2.conda
libgomp	16.1.0	he0feb66_2	libgomp-16.1.0-he0feb66_2.conda	7d4d1891d5fe5d75a73dd7268e8f2d7c11b7b637dea901a429f8056511960267	https://conda.anaconda.org/conda-forge/linux-64/libgomp-16.1.0-he0feb66_2.conda
libiconv	1.18	h0cb94f2_3	libiconv-1.18-h0cb94f2_3.conda	f943117edb9cd4d9c61cc972eee5a34291dc55ea7a6e9e38da104995841cbcb6	https://conda.anaconda.org/conda-forge/linux-64/libiconv-1.18-h0cb94f2_3.conda
libjpeg-turbo	3.2.0	hb03c661_1	libjpeg-turbo-3.2.0-hb03c661_1.conda	bba8538e6538ed58a8479b332337b96986561f975d06cfa2039a016c2d246ee4	https://conda.anaconda.org/conda-forge/linux-64/libjpeg-turbo-3.2.0-hb03c661_1.conda
liblapack	3.11.0	9_h47877c9_openblas	liblapack-3.11.0-9_h47877c9_openblas.conda	ea989e2dabd21d296a5a4ec515e695645aefcdf778ffdb5eeea515421d243ab5	https://conda.anaconda.org/conda-forge/linux-64/liblapack-3.11.0-9_h47877c9_openblas.conda
liblzma	5.8.3	hb03c661_1	liblzma-5.8.3-hb03c661_1.conda	9787df8c22a59c9a70d3e5a10db9ad663485e75e9ccc3f09bd092cb7b95e0dab	https://conda.anaconda.org/conda-forge/linux-64/liblzma-5.8.3-hb03c661_1.conda
libnsl	2.0.1	hb9d3cd8_1	libnsl-2.0.1-hb9d3cd8_1.conda	927fe72b054277cde6cb82597d0fcf6baf127dcbce2e0a9d8925a68f1265eef5	https://conda.anaconda.org/conda-forge/linux-64/libnsl-2.0.1-hb9d3cd8_1.conda
libopenblas	0.3.34	pthreads_h94d23a6_0	libopenblas-0.3.34-pthreads_h94d23a6_0.conda	23392fc4f4e5ba230fcd1ef825878ba5ca7ee4f6259fac0cbb13299134b7bf7a	https://conda.anaconda.org/conda-forge/linux-64/libopenblas-0.3.34-pthreads_h94d23a6_0.conda
libpng	1.6.58	h922cc85_1	libpng-1.6.58-h922cc85_1.conda	c19eefb87d70d9b4b0629fa48414a155a47a1be4f04583ae71ed8c5a9a32fdcb	https://conda.anaconda.org/conda-forge/linux-64/libpng-1.6.58-h922cc85_1.conda
libsqlite	3.53.4	h0737f62_1	libsqlite-3.53.4-h0737f62_1.conda	35c05bd0adfaf6fcac01fc3a42214e4e2a44e32f7ce2c77ddae419522c3c328d	https://conda.anaconda.org/conda-forge/linux-64/libsqlite-3.53.4-h0737f62_1.conda
libstdcxx	16.1.0	h934c35e_2	libstdcxx-16.1.0-h934c35e_2.conda	af96a5fcf1ce0659d257ababc1b8d0bbb698250e8140c6b8352f60d3be075392	https://conda.anaconda.org/conda-forge/linux-64/libstdcxx-16.1.0-h934c35e_2.conda
libstdcxx-ng	16.1.0	hdf11a46_2	libstdcxx-ng-16.1.0-hdf11a46_2.conda	f096fb41c6ad3ef41c479ebce001329a531e0862c9a88979203597b610383158	https://conda.anaconda.org/conda-forge/linux-64/libstdcxx-ng-16.1.0-hdf11a46_2.conda
libtiff	4.7.2	h9d88235_0	libtiff-4.7.2-h9d88235_0.conda	b31346e1c01ab40a170e91147092ee8fd92b1dee3c66ee47ef025571c879b159	https://conda.anaconda.org/conda-forge/linux-64/libtiff-4.7.2-h9d88235_0.conda
libuuid	2.42.2	h5347b49_0	libuuid-2.42.2-h5347b49_0.conda	9b1bdce27a7e31f7d241aeecff67a1f3101d52a2b1e33ccc2cdf2613072bf81f	https://conda.anaconda.org/conda-forge/linux-64/libuuid-2.42.2-h5347b49_0.conda
libwebp-base	1.6.0	hd42ef1d_1	libwebp-base-1.6.0-hd42ef1d_1.conda	8415001414f488c85b72b9d8cc2071dfb3981a47bc3c8eb56ef91a57d12eae7f	https://conda.anaconda.org/conda-forge/linux-64/libwebp-base-1.6.0-hd42ef1d_1.conda
libxcb	1.17.0	hb83e432_1	libxcb-1.17.0-hb83e432_1.conda	ce25a1efa85a78a3ce3b16721d9c36153814adbf2fb004a15f72ec69894b4cb1	https://conda.anaconda.org/conda-forge/linux-64/libxcb-1.17.0-hb83e432_1.conda
libxcrypt	4.4.38	h280c20c_0	libxcrypt-4.4.38-h280c20c_0.conda	f7e9292dd219a6435bbb1223da9586c3e70d66d169c5a92f08db3f2127df04e9	https://conda.anaconda.org/conda-forge/linux-64/libxcrypt-4.4.38-h280c20c_0.conda
libxml2	2.13.9	h04c0eec_0	libxml2-2.13.9-h04c0eec_0.conda	5d12e993894cb8e9f209e2e6bef9c90fa2b7a339a1f2ab133014b71db81f5d88	https://conda.anaconda.org/conda-forge/linux-64/libxml2-2.13.9-h04c0eec_0.conda
libxslt	1.1.43	h7a3aeb2_0	libxslt-1.1.43-h7a3aeb2_0.conda	35ddfc0335a18677dd70995fa99b8f594da3beb05c11289c87b6de5b930b47a3	https://conda.anaconda.org/conda-forge/linux-64/libxslt-1.1.43-h7a3aeb2_0.conda
libzlib	1.3.2	h25fd6f3_3	libzlib-1.3.2-h25fd6f3_3.conda	eb8a0db0aa570124f7d2a93d7c7f596e3390df5e047818d873baad32985fc736	https://conda.anaconda.org/conda-forge/linux-64/libzlib-1.3.2-h25fd6f3_3.conda
matplotlib-base	3.10.9	py312he3d6523_0	matplotlib-base-3.10.9-py312he3d6523_0.conda	c7e133837376e53e6a52719c205a3067c42f05769bc3e8307417f8d817dfc63e	https://conda.anaconda.org/conda-forge/linux-64/matplotlib-base-3.10.9-py312he3d6523_0.conda
meme	5.5.9	pl5321he99cc7f_1	meme-5.5.9-pl5321he99cc7f_1.conda	608ae50d41fa775446c218ebf65b747fa3071e02d37f6d4c2c2d2ee352ff9cef	https://conda.anaconda.org/bioconda/linux-64/meme-5.5.9-pl5321he99cc7f_1.conda
munkres	1.1.4	pyhd8ed1ab_1	munkres-1.1.4-pyhd8ed1ab_1.conda	d09c47c2cf456de5c09fa66d2c3c5035aa1fa228a1983a433c47b876aa16ce90	https://conda.anaconda.org/conda-forge/noarch/munkres-1.1.4-pyhd8ed1ab_1.conda
ncurses	6.6	hdb14827_1	ncurses-6.6-hdb14827_1.conda	5d46557214ed184381dafe835b7c94a474a1c3b307a08a250b1ea4779b44ffb3	https://conda.anaconda.org/conda-forge/linux-64/ncurses-6.6-hdb14827_1.conda
numpy	2.5.2	py312h33ff503_0	numpy-2.5.2-py312h33ff503_0.conda	1235aaa0e265d7b0247fe6fb456a55f10f5fddf5349b652727fcdcdff4a26eb4	https://conda.anaconda.org/conda-forge/linux-64/numpy-2.5.2-py312h33ff503_0.conda
openjpeg	2.5.4	h55fea9a_0	openjpeg-2.5.4-h55fea9a_0.conda	3900f9f2dbbf4129cf3ad6acf4e4b6f7101390b53843591c53b00f034343bc4d	https://conda.anaconda.org/conda-forge/linux-64/openjpeg-2.5.4-h55fea9a_0.conda
openpyxl	3.1.5	py312h7f6eeab_3	openpyxl-3.1.5-py312h7f6eeab_3.conda	04839d313708a6b8c185bc9fcc56ccef985ed91520420c665b5e67b55fd8b5fb	https://conda.anaconda.org/conda-forge/linux-64/openpyxl-3.1.5-py312h7f6eeab_3.conda
openssl	3.6.3	h35e630c_1	openssl-3.6.3-h35e630c_1.conda	012096056b97abf1f68c46b7146bd2cbd68c1be762340b4f5dad4fbbe99177bc	https://conda.anaconda.org/conda-forge/linux-64/openssl-3.6.3-h35e630c_1.conda
packaging	26.3	pyhc364b38_0	packaging-26.3-pyhc364b38_0.conda	c432626b16768b8dab228bfb706f7060c2d462a21c516d240f68f2f902b5a044	https://conda.anaconda.org/conda-forge/noarch/packaging-26.3-pyhc364b38_0.conda
pandas	2.3.3	py312hf79963d_1	pandas-2.3.3-py312hf79963d_1.conda	f633d5f9b28e4a8f66a6ec9c89ef1b6743b880b0511330184b4ab9b7e2dda247	https://conda.anaconda.org/conda-forge/linux-64/pandas-2.3.3-py312hf79963d_1.conda
perl	5.32.1	7_hd590300_perl5	perl-5.32.1-7_hd590300_perl5.conda	9ec32b6936b0e37bcb0ed34f22ec3116e75b3c0964f9f50ecea5f58734ed6ce9	https://conda.anaconda.org/conda-forge/linux-64/perl-5.32.1-7_hd590300_perl5.conda
perl-app-cpanminus	1.7048	pl5321hd8ed1ab_0	perl-app-cpanminus-1.7048-pl5321hd8ed1ab_0.conda	20850458e691b12fc4da209e204fc4c4d1abe93311913929dc536b9b3857b681	https://conda.anaconda.org/conda-forge/noarch/perl-app-cpanminus-1.7048-pl5321hd8ed1ab_0.conda
perl-b-cow	0.007	pl5321hb9d3cd8_1	perl-b-cow-0.007-pl5321hb9d3cd8_1.conda	5c5b00630655d2b87ac45cf48760f85d668538d0a2d038010493805cdc547295	https://conda.anaconda.org/conda-forge/linux-64/perl-b-cow-0.007-pl5321hb9d3cd8_1.conda
perl-base	2.23	pl5321hd8ed1ab_0	perl-base-2.23-pl5321hd8ed1ab_0.tar.bz2	4ab1fcab7b157d972db11ebc309576122f7dedcd18d2860712b4b89e7d203051	https://conda.anaconda.org/conda-forge/noarch/perl-base-2.23-pl5321hd8ed1ab_0.tar.bz2
perl-business-isbn	3.007	pl5321hd8ed1ab_0	perl-business-isbn-3.007-pl5321hd8ed1ab_0.tar.bz2	fa0b99650ac3bc098d4b34d23eea8f5101f7a5e8c04fc50fac6b8bff70161848	https://conda.anaconda.org/conda-forge/noarch/perl-business-isbn-3.007-pl5321hd8ed1ab_0.tar.bz2
perl-business-isbn-data	20210112.006	pl5321hd8ed1ab_0	perl-business-isbn-data-20210112.006-pl5321hd8ed1ab_0.tar.bz2	457f7bdea5c7154472a18ab10d7c40144d65793446d9cb40877dc9c37c6b3b59	https://conda.anaconda.org/conda-forge/noarch/perl-business-isbn-data-20210112.006-pl5321hd8ed1ab_0.tar.bz2
perl-carp	1.50	pl5321hd8ed1ab_0	perl-carp-1.50-pl5321hd8ed1ab_0.tar.bz2	1981e31113e1e77a2cdc13db657c636f047cd3be2a64d9a0bffac03c5427c1bd	https://conda.anaconda.org/conda-forge/noarch/perl-carp-1.50-pl5321hd8ed1ab_0.tar.bz2
perl-cgi	4.72	pl5321hab16a5f_0	perl-cgi-4.72-pl5321hab16a5f_0.conda	0aab8ebe9932198ae0f354d045d0e1a14b54fdac6c3f019fe8946cfde415cdf5	https://conda.anaconda.org/bioconda/linux-64/perl-cgi-4.72-pl5321hab16a5f_0.conda
perl-clone	0.46	pl5321hb9d3cd8_1	perl-clone-0.46-pl5321hb9d3cd8_1.conda	f2ec5c3c9bea3b7abc8a0c74e8d43b473e8b37380b321793f17657f7d94780b8	https://conda.anaconda.org/conda-forge/linux-64/perl-clone-0.46-pl5321hb9d3cd8_1.conda
perl-common-sense	3.75	pl5321hd8ed1ab_0	perl-common-sense-3.75-pl5321hd8ed1ab_0.tar.bz2	38ef218e9b9d55b9fbdce6b31cf81bcf6f1b16f21b8e7cb9279b41399522a320	https://conda.anaconda.org/conda-forge/noarch/perl-common-sense-3.75-pl5321hd8ed1ab_0.tar.bz2
perl-compress-raw-bzip2	2.214	pl5321hda65f42_0	perl-compress-raw-bzip2-2.214-pl5321hda65f42_0.conda	2cbd3fcb7028415654057ab3142cee1e5cc4cf9bdd0e590f072e8ecd29cb6382	https://conda.anaconda.org/conda-forge/linux-64/perl-compress-raw-bzip2-2.214-pl5321hda65f42_0.conda
perl-compress-raw-zlib	2.214	pl5321h4dac143_0	perl-compress-raw-zlib-2.214-pl5321h4dac143_0.conda	4fd3a11f8dbd2c9d1a1c5547e344ad20412a3f0d36967502d9764e1b2734dd47	https://conda.anaconda.org/conda-forge/linux-64/perl-compress-raw-zlib-2.214-pl5321h4dac143_0.conda
perl-config-general	2.67	pl5321hdfd78af_0	perl-config-general-2.67-pl5321hdfd78af_0.tar.bz2	0ef55b1aa8aca8f40185c0575def5d57e30a67e68fd14bfb9fd8a40c3740bde9	https://conda.anaconda.org/bioconda/noarch/perl-config-general-2.67-pl5321hdfd78af_0.tar.bz2
perl-constant	1.33	pl5321hd8ed1ab_0	perl-constant-1.33-pl5321hd8ed1ab_0.tar.bz2	cfd5ef9af8de221292f7059d1ff88ff10f1340fc4dbbd0dc81ce2275bf76651d	https://conda.anaconda.org/conda-forge/noarch/perl-constant-1.33-pl5321hd8ed1ab_0.tar.bz2
perl-dbi	1.651	pl5321hb03c661_0	perl-dbi-1.651-pl5321hb03c661_0.conda	cfd1fb4b1c56b6ac1b97b5039a4dfc39015d0294e9191ee4cec90ffffe238707	https://conda.anaconda.org/conda-forge/linux-64/perl-dbi-1.651-pl5321hb03c661_0.conda
perl-digest-md5	2.59	pl5321hb9d3cd8_3	perl-digest-md5-2.59-pl5321hb9d3cd8_3.conda	b94d9ab6b7170c00faae2b60b5038248c955e8c730d46b9a1fda66c05162e275	https://conda.anaconda.org/conda-forge/linux-64/perl-digest-md5-2.59-pl5321hb9d3cd8_3.conda
perl-encode	3.24	pl5321hb03c661_0	perl-encode-3.24-pl5321hb03c661_0.conda	c83d8de38ce43ca15af05f76bc933ff76894aef84baed47300e463dae0c11857	https://conda.anaconda.org/conda-forge/linux-64/perl-encode-3.24-pl5321hb03c661_0.conda
perl-encode-locale	1.05	pl5321hdfd78af_7	perl-encode-locale-1.05-pl5321hdfd78af_7.tar.bz2	1edd69cb9e7001ef9f4b53c121ab5d983cc76428c82b51c2526966974f0ce5dc	https://conda.anaconda.org/bioconda/noarch/perl-encode-locale-1.05-pl5321hdfd78af_7.tar.bz2
perl-exporter	5.74	pl5321hd8ed1ab_0	perl-exporter-5.74-pl5321hd8ed1ab_0.tar.bz2	42271d0b79043a10a89044acb5febea50046b745dd2fc37e02943bc3bc75bf8e	https://conda.anaconda.org/conda-forge/noarch/perl-exporter-5.74-pl5321hd8ed1ab_0.tar.bz2
perl-extutils-makemaker	7.70	pl5321hd8ed1ab_0	perl-extutils-makemaker-7.70-pl5321hd8ed1ab_0.conda	1d3f342ca74cf2948c3edcfe0d3367b1db0fc64bb163393a2e025336dec3a40c	https://conda.anaconda.org/conda-forge/noarch/perl-extutils-makemaker-7.70-pl5321hd8ed1ab_0.conda
perl-file-path	2.18	pl5321hd8ed1ab_0	perl-file-path-2.18-pl5321hd8ed1ab_0.tar.bz2	ac7a0e0c36ec199709c8523132ded35efb84941a1a476b271fd25362dfbf5339	https://conda.anaconda.org/conda-forge/noarch/perl-file-path-2.18-pl5321hd8ed1ab_0.tar.bz2
perl-file-spec	3.48_01	pl5321hdfd78af_2	perl-file-spec-3.48_01-pl5321hdfd78af_2.tar.bz2	6cdba1ba8e76eeb512e2f1d98149529404ce3891d626eed215b8f43c45608837	https://conda.anaconda.org/bioconda/noarch/perl-file-spec-3.48_01-pl5321hdfd78af_2.tar.bz2
perl-file-temp	0.2304	pl5321hd8ed1ab_0	perl-file-temp-0.2304-pl5321hd8ed1ab_0.tar.bz2	91f9fe152b38441386053876198d0c9437e7b4b5fa7da1e5db48b9e1b21fdae9	https://conda.anaconda.org/conda-forge/noarch/perl-file-temp-0.2304-pl5321hd8ed1ab_0.tar.bz2
perl-file-which	1.24	pl5321hd8ed1ab_0	perl-file-which-1.24-pl5321hd8ed1ab_0.tar.bz2	901e9c4177b6bdb23600446fd64a105a437112e63bc23a6163f669bc5098c502	https://conda.anaconda.org/conda-forge/noarch/perl-file-which-1.24-pl5321hd8ed1ab_0.tar.bz2
perl-html-parser	3.85	pl5321hc52dbad_0	perl-html-parser-3.85-pl5321hc52dbad_0.conda	46088b90484c4a1fe3a93f4ffde2b77827f8d88f166ebd6fc6747ddfba7dd1c5	https://conda.anaconda.org/bioconda/linux-64/perl-html-parser-3.85-pl5321hc52dbad_0.conda
perl-html-tagset	3.24	pl5321hdfd78af_0	perl-html-tagset-3.24-pl5321hdfd78af_0.tar.bz2	02b17747b1267771e46dc68bcdc0ffa54fa9ecad958f58b4bf378727d900ef8d	https://conda.anaconda.org/bioconda/noarch/perl-html-tagset-3.24-pl5321hdfd78af_0.tar.bz2
perl-html-template	2.97	pl5321hdfd78af_2	perl-html-template-2.97-pl5321hdfd78af_2.tar.bz2	8c90191fcc1c398ddc6fcc37a133184b280a64c39cb26db7f2be27b45ba1629d	https://conda.anaconda.org/bioconda/noarch/perl-html-template-2.97-pl5321hdfd78af_2.tar.bz2
perl-html-tree	5.07	pl5321hdfd78af_2	perl-html-tree-5.07-pl5321hdfd78af_2.tar.bz2	62ff0d50dc67b8e3a76f1b17a8300255e4bd73ad67f9765229f5401dd7ff25c0	https://conda.anaconda.org/bioconda/noarch/perl-html-tree-5.07-pl5321hdfd78af_2.tar.bz2
perl-http-date	6.08	pl5321hdfd78af_0	perl-http-date-6.08-pl5321hdfd78af_0.conda	c437c6d8da6bc77b39da6a7f9dd182e79d78b9cda059e8c28e6094fab93b059a	https://conda.anaconda.org/bioconda/noarch/perl-http-date-6.08-pl5321hdfd78af_0.conda
perl-http-message	7.04	pl5321hdfd78af_0	perl-http-message-7.04-pl5321hdfd78af_0.conda	905bfa791ceea7ba35d2eb981c9d4b39a959a0095221f3c13409a34d3c380e97	https://conda.anaconda.org/bioconda/noarch/perl-http-message-7.04-pl5321hdfd78af_0.conda
perl-inc-latest	0.500	pl5321ha770c72_0	perl-inc-latest-0.500-pl5321ha770c72_0.conda	ff6b6ffffd6ecbed19a00ee41bb54c283d171f3feff7f45e840441551b5ab876	https://conda.anaconda.org/conda-forge/linux-64/perl-inc-latest-0.500-pl5321ha770c72_0.conda
perl-io-html	1.004	pl5321hdfd78af_0	perl-io-html-1.004-pl5321hdfd78af_0.tar.bz2	87764887dfae737b93d7f7af28307559c7e8020e2f9ed24010ea6001b32a53c3	https://conda.anaconda.org/bioconda/noarch/perl-io-html-1.004-pl5321hdfd78af_0.tar.bz2
perl-json	4.11	pl5321hdfd78af_0	perl-json-4.11-pl5321hdfd78af_0.conda	1c1649f491c76f4ae2984b547701df91c8abfda2e3b7b44e0c007f5e78a87c08	https://conda.anaconda.org/bioconda/noarch/perl-json-4.11-pl5321hdfd78af_0.conda
perl-json-xs	4.04	pl5321h9948957_0	perl-json-xs-4.04-pl5321h9948957_0.conda	f16cf35917a5d75fb55cfc69d8651dc72ff4e06370142b447a4864f5de7d97c6	https://conda.anaconda.org/bioconda/linux-64/perl-json-xs-4.04-pl5321h9948957_0.conda
perl-log-log4perl	1.56	pl5321hd8ed1ab_0	perl-log-log4perl-1.56-pl5321hd8ed1ab_0.tar.bz2	bb9b423078554b75f1d354a75488076cde0c484c4d85544ff0f2ab5d39312f5b	https://conda.anaconda.org/conda-forge/noarch/perl-log-log4perl-1.56-pl5321hd8ed1ab_0.tar.bz2
perl-lwp-mediatypes	6.04	pl5321hdfd78af_1	perl-lwp-mediatypes-6.04-pl5321hdfd78af_1.tar.bz2	dfc7c8e099b03ac2cabf40879fc9ba303e5f6a5b13b42c30e7a68f2bf805f62c	https://conda.anaconda.org/bioconda/noarch/perl-lwp-mediatypes-6.04-pl5321hdfd78af_1.tar.bz2
perl-math-cdf	0.1	pl5321h7b50bb2_11	perl-math-cdf-0.1-pl5321h7b50bb2_11.tar.bz2	1634b9e1c36d9fd851549b711c333444081cb00f52577107022fe319dddd05a1	https://conda.anaconda.org/bioconda/linux-64/perl-math-cdf-0.1-pl5321h7b50bb2_11.tar.bz2
perl-mime-base64	3.16	pl5321hb9d3cd8_3	perl-mime-base64-3.16-pl5321hb9d3cd8_3.conda	e6e0361a0c9838128211e81c576f9dbc33f4ba4c2b46f0c21d8e846d625e4144	https://conda.anaconda.org/conda-forge/linux-64/perl-mime-base64-3.16-pl5321hb9d3cd8_3.conda
perl-module-build	0.4234	pl5321ha770c72_1	perl-module-build-0.4234-pl5321ha770c72_1.conda	40bc64172a969e87ade758320049c86c6a0d83cf8aeaa69ad218fa463ac6cb5b	https://conda.anaconda.org/conda-forge/linux-64/perl-module-build-0.4234-pl5321ha770c72_1.conda
perl-parent	0.243	pl5321hd8ed1ab_0	perl-parent-0.243-pl5321hd8ed1ab_0.conda	ec57d9e56ba86d840d5a9e65c665365fb6a290851cd13e6719628f3295eabf34	https://conda.anaconda.org/conda-forge/noarch/perl-parent-0.243-pl5321hd8ed1ab_0.conda
perl-pathtools	3.75	pl5321hb9d3cd8_2	perl-pathtools-3.75-pl5321hb9d3cd8_2.conda	a80bc265aa749ae03fdd6d5f2098312ea6f43cc193ea7aba0e6e4304d84ce8c0	https://conda.anaconda.org/conda-forge/linux-64/perl-pathtools-3.75-pl5321hb9d3cd8_2.conda
perl-scalar-list-utils	1.70	pl5321hb03c661_0	perl-scalar-list-utils-1.70-pl5321hb03c661_0.conda	00678b34a57df53fa31585ff1579f42a6dfc8b1b059fd1b386c6e89573959a9f	https://conda.anaconda.org/conda-forge/linux-64/perl-scalar-list-utils-1.70-pl5321hb03c661_0.conda
perl-storable	3.15	pl5321hb9d3cd8_2	perl-storable-3.15-pl5321hb9d3cd8_2.conda	25beba40154a394189d0ff2afd31683d79c9106d47e77e12d20900d053dffaf6	https://conda.anaconda.org/conda-forge/linux-64/perl-storable-3.15-pl5321hb9d3cd8_2.conda
perl-sys-info	0.7811	pl5321hdfd78af_1	perl-sys-info-0.7811-pl5321hdfd78af_1.tar.bz2	95315be715de0b772a67fa4406da066b230f46784ba9e883493b4f33156b796c	https://conda.anaconda.org/bioconda/noarch/perl-sys-info-0.7811-pl5321hdfd78af_1.tar.bz2
perl-sys-info-base	0.7807	pl5321hdfd78af_1	perl-sys-info-base-0.7807-pl5321hdfd78af_1.tar.bz2	106db7c58c97d9cd1331a5e7d25e4e05a396d354fcbb39b9ea175bcd93289e2b	https://conda.anaconda.org/bioconda/noarch/perl-sys-info-base-0.7807-pl5321hdfd78af_1.tar.bz2
perl-sys-info-driver-linux	0.7911	pl5321hdfd78af_0	perl-sys-info-driver-linux-0.7911-pl5321hdfd78af_0.conda	31abccbe3319cd1f7401310712e2d754720ed26ef47c30d757b0d4a060730da4	https://conda.anaconda.org/bioconda/noarch/perl-sys-info-driver-linux-0.7911-pl5321hdfd78af_0.conda
perl-test-fatal	0.016	pl5321ha770c72_0	perl-test-fatal-0.016-pl5321ha770c72_0.tar.bz2	d5420f90b3bca641cdad0c5674b356a060bf1587e82d3828f382a466bdaba6d1	https://conda.anaconda.org/conda-forge/linux-64/perl-test-fatal-0.016-pl5321ha770c72_0.tar.bz2
perl-test-needs	0.002009	pl5321hd8ed1ab_0	perl-test-needs-0.002009-pl5321hd8ed1ab_0.tar.bz2	d8b207fbc89a9997b7412442f0b0e2ac9ded4d0cba2b9e269b4973897142fa2d	https://conda.anaconda.org/conda-forge/noarch/perl-test-needs-0.002009-pl5321hd8ed1ab_0.tar.bz2
perl-test-nowarnings	1.06	pl5321ha770c72_0	perl-test-nowarnings-1.06-pl5321ha770c72_0.conda	e2a7ef3e7ebf848d3d6531ec63d2f3fa5c4a91d341f48b66f0457a1c0bc54dba	https://conda.anaconda.org/conda-forge/linux-64/perl-test-nowarnings-1.06-pl5321ha770c72_0.conda
perl-test-warnings	0.031	pl5321ha770c72_0	perl-test-warnings-0.031-pl5321ha770c72_0.conda	2aaea17941fd456bfe44d15e3f3651d7f27be0cb31235d88e48b71ae857d7ef1	https://conda.anaconda.org/conda-forge/linux-64/perl-test-warnings-0.031-pl5321ha770c72_0.conda
perl-text-template-simple	0.91	pl5321hdfd78af_1	perl-text-template-simple-0.91-pl5321hdfd78af_1.tar.bz2	e210c8b67e8c401127931c85ecadb5c0802538d6e6be7b0134196c8966c09e41	https://conda.anaconda.org/bioconda/noarch/perl-text-template-simple-0.91-pl5321hdfd78af_1.tar.bz2
perl-time-local	1.35	pl5321hdfd78af_0	perl-time-local-1.35-pl5321hdfd78af_0.tar.bz2	a3052e33a61382ce1d551af9c5431c921baedab933542af88efe36b7a73c4f7f	https://conda.anaconda.org/bioconda/noarch/perl-time-local-1.35-pl5321hdfd78af_0.tar.bz2
perl-timedate	2.35	pl5321hdfd78af_0	perl-timedate-2.35-pl5321hdfd78af_0.conda	a197b7927b6c34e7ddd11eb625e2b1f56c5cc419d5db56c56b16e57f7aaa3721	https://conda.anaconda.org/bioconda/noarch/perl-timedate-2.35-pl5321hdfd78af_0.conda
perl-try-tiny	0.31	pl5321ha770c72_0	perl-try-tiny-0.31-pl5321ha770c72_0.tar.bz2	7e74c95eb085b095a258a22ee2f30192d79f23a58cbbcb8ca2b14f4fe0a8c406	https://conda.anaconda.org/conda-forge/linux-64/perl-try-tiny-0.31-pl5321ha770c72_0.tar.bz2
perl-types-serialiser	1.01	pl5321hdfd78af_0	perl-types-serialiser-1.01-pl5321hdfd78af_0.tar.bz2	20f61217b16235d0161ad6fa0a234585afcc04ec5a6142c65b5867e26216dfe3	https://conda.anaconda.org/bioconda/noarch/perl-types-serialiser-1.01-pl5321hdfd78af_0.tar.bz2
perl-unix-processors	2.046	pl5321hb9d3cd8_1002	perl-unix-processors-2.046-pl5321hb9d3cd8_1002.conda	0b94f03537647d6cd913ea88b193d8263fd6b6774b916ad20d4af049e7707487	https://conda.anaconda.org/conda-forge/linux-64/perl-unix-processors-2.046-pl5321hb9d3cd8_1002.conda
perl-uri	5.35	pl5321ha770c72_0	perl-uri-5.35-pl5321ha770c72_0.conda	96d1e28e0c99839d37113ed364521d122179af00dba1a37f3459add94e71fc6c	https://conda.anaconda.org/conda-forge/linux-64/perl-uri-5.35-pl5321ha770c72_0.conda
perl-url-encode	0.03	pl5321h9ee0642_1	perl-url-encode-0.03-pl5321h9ee0642_1.tar.bz2	4659486c87ee24ae4bc9445dfa3db6ba6a2bc6e039872a6e9f1c6e0031268306	https://conda.anaconda.org/bioconda/linux-64/perl-url-encode-0.03-pl5321h9ee0642_1.tar.bz2
perl-xml-namespacesupport	1.12	pl5321hd8ed1ab_0	perl-xml-namespacesupport-1.12-pl5321hd8ed1ab_0.tar.bz2	bf384bea1057085fdf8daac6e67a96ca892f2fedf4ce0327f9bda5d3a9bce102	https://conda.anaconda.org/conda-forge/noarch/perl-xml-namespacesupport-1.12-pl5321hd8ed1ab_0.tar.bz2
perl-xml-parser	2.44_01	pl5321hf2e2c51_1004	perl-xml-parser-2.44_01-pl5321hf2e2c51_1004.conda	2f435dc5a99afa903bbed28adc1f435c673a9f72f902719fbdda42297df24c99	https://conda.anaconda.org/conda-forge/linux-64/perl-xml-parser-2.44_01-pl5321hf2e2c51_1004.conda
perl-xml-sax	1.02	pl5321hd8ed1ab_0	perl-xml-sax-1.02-pl5321hd8ed1ab_0.tar.bz2	324ca36bdfff272c8ac06befcd9d1e9e1b22c1c6449bb3801d7e8b9c92acc6b6	https://conda.anaconda.org/conda-forge/noarch/perl-xml-sax-1.02-pl5321hd8ed1ab_0.tar.bz2
perl-xml-sax-base	1.09	pl5321hd8ed1ab_0	perl-xml-sax-base-1.09-pl5321hd8ed1ab_0.tar.bz2	e652410a4d02bde1a1d7e0021ee84006113785676267c1e33642ba3d2ea9c254	https://conda.anaconda.org/conda-forge/noarch/perl-xml-sax-base-1.09-pl5321hd8ed1ab_0.tar.bz2
perl-xml-sax-expat	0.51	pl5321hd8ed1ab_0	perl-xml-sax-expat-0.51-pl5321hd8ed1ab_0.tar.bz2	ec82d9058de4aebe6adc591d84d4af67f78fa434e055b6cc0bbbf45eddf5ba5a	https://conda.anaconda.org/conda-forge/noarch/perl-xml-sax-expat-0.51-pl5321hd8ed1ab_0.tar.bz2
perl-xml-simple	2.25	pl5321hdfd78af_2	perl-xml-simple-2.25-pl5321hdfd78af_2.tar.bz2	bdaf540add02fabfa3a97ff582131396b7f8df0e552eb43cc4bba57f59eb642f	https://conda.anaconda.org/bioconda/noarch/perl-xml-simple-2.25-pl5321hdfd78af_2.tar.bz2
perl-yaml	1.30	pl5321hdfd78af_0	perl-yaml-1.30-pl5321hdfd78af_0.tar.bz2	6813626ecc8859b4f16de20f35c9bfdfbdf0a60d7da33494bca6c0c34511a76e	https://conda.anaconda.org/bioconda/noarch/perl-yaml-1.30-pl5321hdfd78af_0.tar.bz2
pillow	12.3.0	py312h50c33e8_0	pillow-12.3.0-py312h50c33e8_0.conda	76b2e56c7a903a06be1210d35f35c2a8dcdc57912fda5c96b2e68acfd2b281fe	https://conda.anaconda.org/conda-forge/linux-64/pillow-12.3.0-py312h50c33e8_0.conda
pip	26.2.1	pyh8b19718_0	pip-26.2.1-pyh8b19718_0.conda	c205bae42eb11b364fe3663a817cbcbc20a8ef544c6b2ff6f391013487117259	https://conda.anaconda.org/conda-forge/noarch/pip-26.2.1-pyh8b19718_0.conda
pthread-stubs	0.4	hb03c661_1003	pthread-stubs-0.4-hb03c661_1003.conda	afc3b27b2cbb0487c1d0e963f96e71181ecfb623a24fb393bb19ff974a6382a1	https://conda.anaconda.org/conda-forge/linux-64/pthread-stubs-0.4-hb03c661_1003.conda
pyparsing	3.3.2	pyhcf101f3_0	pyparsing-3.3.2-pyhcf101f3_0.conda	417fba4783e528ee732afa82999300859b065dc59927344b4859c64aae7182de	https://conda.anaconda.org/conda-forge/noarch/pyparsing-3.3.2-pyhcf101f3_0.conda
python	3.12.13	h8ab3286_1_cpython	python-3.12.13-h8ab3286_1_cpython.conda	df3d1e5f972e79e78b61730c09135c795f6e7aa45b7777835c95f451e85eff0d	https://conda.anaconda.org/conda-forge/linux-64/python-3.12.13-h8ab3286_1_cpython.conda
python-dateutil	2.9.0.post0	pyhe01879c_2	python-dateutil-2.9.0.post0-pyhe01879c_2.conda	d6a17ece93bbd5139e02d2bd7dbfa80bee1a4261dced63f65f679121686bf664	https://conda.anaconda.org/conda-forge/noarch/python-dateutil-2.9.0.post0-pyhe01879c_2.conda
python-tzdata	2026.3	pyhd8ed1ab_0	python-tzdata-2026.3-pyhd8ed1ab_0.conda	3f05db78cf8be33cf6dbc469664b8e3a01f3980d61d6d6bef48669b171896d8a	https://conda.anaconda.org/conda-forge/noarch/python-tzdata-2026.3-pyhd8ed1ab_0.conda
python_abi	3.12	8_cp312	python_abi-3.12-8_cp312.conda	80677180dd3c22deb7426ca89d6203f1c7f1f256f2d5a94dc210f6e758229809	https://conda.anaconda.org/conda-forge/noarch/python_abi-3.12-8_cp312.conda
pytz	2026.3.post1	pyhcf101f3_0	pytz-2026.3.post1-pyhcf101f3_0.conda	ad774abda71c759baef515983bfedbba34d56d6227974c23715c04612f812a90	https://conda.anaconda.org/conda-forge/noarch/pytz-2026.3.post1-pyhcf101f3_0.conda
qhull	2020.2	h434a139_5	qhull-2020.2-h434a139_5.conda	776363493bad83308ba30bcb88c2552632581b143e8ee25b1982c8c743e73abc	https://conda.anaconda.org/conda-forge/linux-64/qhull-2020.2-h434a139_5.conda
readline	8.3	hd6e31c0_1	readline-8.3-hd6e31c0_1.conda	01b3fe073a66e321970d09e04b388708f8cbdca5cdfbfcb7c9eeb470ad10383d	https://conda.anaconda.org/conda-forge/linux-64/readline-8.3-hd6e31c0_1.conda
setuptools	84.0.0	pyh332efcf_0	setuptools-84.0.0-pyh332efcf_0.conda	9e200ee5f9ff19a4d94e4b51c4856d53dec849f91032f345cf0c6bc3d51a7183	https://conda.anaconda.org/conda-forge/noarch/setuptools-84.0.0-pyh332efcf_0.conda
six	1.17.0	pyhe01879c_1	six-1.17.0-pyhe01879c_1.conda	458227f759d5e3fcec5d9b7acce54e10c9e1f4f4b7ec978f3bfd54ce4ee9853d	https://conda.anaconda.org/conda-forge/noarch/six-1.17.0-pyhe01879c_1.conda
tk	8.6.13	noxft_hd70dff1_3	tk-8.6.13-noxft_hd70dff1_3.conda	43624eab22f5f29df7d6ffe914cf442f28fd559b55b290906255492826e636e8	https://conda.anaconda.org/conda-forge/linux-64/tk-8.6.13-noxft_hd70dff1_3.conda
tzdata	2026c	h151e31d_0	tzdata-2026c-h151e31d_0.conda	b928c30ddcb0e3f544c6eade8352737e6e610e263276b90232db6a578ef899d8	https://conda.anaconda.org/conda-forge/noarch/tzdata-2026c-h151e31d_0.conda
unicodedata2	17.0.1	py312h4c3975b_0	unicodedata2-17.0.1-py312h4c3975b_0.conda	895bbfe9ee25c98c922799de901387d842d7c01cae45c346879865c6a907f229	https://conda.anaconda.org/conda-forge/linux-64/unicodedata2-17.0.1-py312h4c3975b_0.conda
wheel	0.48.0	pyhd8ed1ab_0	wheel-0.48.0-pyhd8ed1ab_0.conda	ba64b29b6d418024cb565081a1799262cb2780d2534ff4c14f76aa858c4286cd	https://conda.anaconda.org/conda-forge/noarch/wheel-0.48.0-pyhd8ed1ab_0.conda
xorg-libxau	1.0.12	hb03c661_2	xorg-libxau-1.0.12-hb03c661_2.conda	cbf891f6cc1a859347680af1c8562bc6b033bf182a2a3bb536016932be3206de	https://conda.anaconda.org/conda-forge/linux-64/xorg-libxau-1.0.12-hb03c661_2.conda
xorg-libxdmcp	1.1.5	hb03c661_2	xorg-libxdmcp-1.1.5-hb03c661_2.conda	c50a16c05ccd7fe7dd6d6cfb539f4e9a491d50f9ed7a5c902fec638f7d0d27be	https://conda.anaconda.org/conda-forge/linux-64/xorg-libxdmcp-1.1.5-hb03c661_2.conda
zlib-ng	2.3.3	hce19668_1	zlib-ng-2.3.3-hce19668_1.conda	8b786bb4380fa69a718b08a400040b865bc9207eda337e0a1955717c3c3a9403	https://conda.anaconda.org/conda-forge/linux-64/zlib-ng-2.3.3-hce19668_1.conda
zstd	1.5.7	hb78ec9c_7	zstd-1.5.7-hb78ec9c_7.conda	47d682b9f6d6ec9eb1a6e6c3e75ea6273e899e78fb7fc59f81d39745009fbc60	https://conda.anaconda.org/conda-forge/linux-64/zstd-1.5.7-hb78ec9c_7.conda
