source_id	concept_zh	why_zh	input_headers_zh	input_row_zh	operation_zh	visual_type	visual_title_zh	x_axis_zh	y_axis_zh	legend_zh	output_headers_zh	output_rows_zh	plot_values	plot_colors	plot_value_label_zh	reading_question_zh	reading_answer_zh	normal_zh	stop_zh	next_zh
4.1	家族特征是目标家族成员共同保留的关键片段，只有相似而缺少关键片段的基因仍是候选。	先把可靠成员和相似候选分开，后面所有关系、结构和位置比较才不会从错误名单开始。	候选基因｜所属材料｜相似程度｜关键片段	基因甲｜材料甲｜较高｜完整	逐个核对候选的相似程度和关键片段，把判断写成保留、待复核或排除，且不删除任何候选记录。	decision	候选成员判断流程	从候选到正式名单	判断依据是否完整	绿色为保留，橙色为待复核，红色为排除	候选基因｜判断｜依据	基因甲｜保留｜关键片段完整；基因乙｜待复核｜关键片段不完整；基因丙｜排除｜只有局部相似	1｜0.5｜0	green｜orange｜red	成员判断分值	哪一个候选现在可以进入后续比较？	基因甲可以进入，因为关键片段完整；基因乙要先复核，基因丙暂不进入。	每个候选都有唯一判断和可追查依据，正式名单中没有重复名称。	同一候选出现两个互相冲突的判断，或关键片段记录为空时先暂停。	下一步只把保留成员送入成员关系比较，同时保存待复核和排除表。
4.2	成员关系图把序列差异较小的成员画得更靠近，分叉表示它们从共同来源逐步分开。	看清成员之间的远近可帮助划分稳定分支，也能发现名称错配或异常长分支。	成员名称｜所属材料｜排齐长度｜空缺比例	基因甲｜材料甲｜二百四十｜百分之二	先确认成员名单一一对应，再把各条蛋白逐位置排齐，并依据差异建立带支持数值的分叉图。	tree	家族成员关系示意	成员名称	序列差异距离	分支旁数字表示当前分叉的稳定程度	成员｜最近成员｜分支支持｜备注	基因甲｜基因乙｜九十二｜同一分支；基因丙｜基因丁｜八十八｜另一分支	92｜88	blue｜green	分支支持数值	基因甲和谁在图上最接近？	基因甲和基因乙最近，但这只说明当前序列更相近，不能直接说明功能相同。	树上名称与正式成员表完全一致，多数主要分叉有稳定支持，且没有孤立异常长枝。	出现名单之外的名称、空缺比例过高或单条分支远长于其他成员时先暂停。	下一步给每个可靠成员加上家族分组，比较不同材料中的成员数量。
4.3	数量表示某一格有几个成员，比例表示这些成员占该材料全部家族成员的多少。	同时看数量和比例，才能区分材料本身成员多与某个家族分组相对更突出这两种情况。	所属材料｜家族分组｜成员数量｜材料总成员数	材料甲｜甲组｜四｜十	按材料和家族分组补齐所有组合，先计算实际数量，再用材料总成员数换算材料内部比例。	matrix	材料与家族分组成员分布	材料	家族分组	颜色越深表示当前格数量越多，空白格也必须有记录	材料｜家族分组｜数量｜材料内比例	材料甲｜甲组｜四｜百分之四十；材料甲｜乙组｜六｜百分之六十；材料乙｜甲组｜二｜百分之二十五	4｜6｜2	blue｜blue｜blue	成员数量	材料甲中哪个分组占比更高？	乙组占百分之六十，高于甲组的百分之四十；这不代表乙组一定发生扩增。	每个材料与分组组合都有数值，数量之和等于该材料正式成员总数。	某材料各组数量之和对不上正式成员表，或空白格没有说明时先暂停。	下一步从完整蛋白中截取可靠核心片段，查看哪些位置最少变化。
4.4	逐位置保守表示同一位置在很多成员中都出现相同的蛋白组成字母，而不是整条蛋白完全相同。	找出变化很少的位置可帮助描述家族共同特征，也能提示需要实验验证的重点区域。	成员｜片段起点｜片段终点｜有效位置数	基因甲｜二十一｜八十｜六十	只使用边界可靠的核心片段，逐位置排齐后统计每个位置最常见组成字母和有效成员数。	sequence	核心片段逐位置一致程度	片段位置	一致程度	每行色块旁直接写出位置、最常见字母、一致比例和有效成员数，色块只帮助区分记录	位置｜最常见字母｜一致比例｜有效成员数	二十五｜甲｜百分之九十五｜二十；二十六｜乙｜百分之六十｜二十；二十七｜甲｜百分之九十｜十九	95｜60｜90	blue｜blue｜blue	一致比例（百分数）	哪个位置在教学数据中最一致？	位置二十五最一致，比例为百分之九十五；仍不能仅凭此图认定它是功能位点。	多数位置有足够有效成员，片段边界一致，且高一致位置在数值表中可复核。	不同成员截取边界不一致、空缺过多或有效成员数突然下降时先暂停。	下一步把可靠成员与统一基因注释连接，进入基因内部结构比较。
5.1	基因内部结构可用总长度、蛋白长度和保留片段数量描述，不同指标回答的问题不同。	按家族分组比较结构，可发现整体差异和异常成员，也能暴露不完整的基因记录。	基因｜家族分组｜基因长度｜片段数	基因甲｜甲组｜三千二百｜五	逐基因统计三个结构指标，再按家族分组画出每个值和中间位置，保留材料身份。	distribution	家族分组的基因结构分布	家族分组	结构指标数值	每个圆点是一条基因记录，粗线表示组内中间位置	分组｜材料数｜中间基因长度｜中间片段数	甲组｜六｜三千一百｜五；乙组｜五｜四千二百｜七	3100｜4200	blue｜green	中间长度	哪一组的典型基因长度更长？	乙组的中间基因长度更长，但还要检查材料数和异常记录后再解释。	每组包含多个材料，单个基因值与汇总位置都能在明细表中找到。	某组只有一个材料、结构值大量缺失或异常值来自截断记录时先暂停。	下一步把逐基因结构整理成每个家族分组的典型值和变化范围。
5.2	中间值是排序后位于中间的观察值，比单纯平均更不容易被极端值拉动。	汇总典型值、上下范围和缺失数，能让读者先判断数据是否稳定，再比较分组。	家族分组｜材料｜基因长度｜是否缺失	甲组｜材料甲｜三千二百｜否	按分组统计不同材料数、中间值、较低四分之一位置、较高四分之一位置和缺失数。	bars	家族分组结构汇总	家族分组	典型结构数值	柱高表示中间值，细线表示中间一半记录的范围	分组｜材料数｜中间长度｜中间一半范围	甲组｜六｜三千一百｜二千八百至三千五百；乙组｜五｜四千二百｜三千九百至四千七百	3100｜4200	blue｜green	中间长度	哪一组的变化范围更宽？	乙组范围为八百，甲组为七百，教学数据中乙组稍宽。	汇总表同时报告材料数、典型值、范围和缺失，不只给一个平均数。	材料数与逐基因表不一致，或缺失记录被当作零参与汇总时先暂停。	下一步检验甲组和乙组的结构差异是否超过当前材料间的自然波动。
5.3	两组比较要同时报告独立材料数、效应方向与大小、多项比较后错误概率和质量状态；错误概率越小，当前差别由假发现造成的风险越低。	把结构差异与材料间波动一起考虑，可避免把偶然起伏写成稳定分组差别。	比较指标｜第一组｜第二组｜独立材料数	基因长度｜甲组｜乙组｜十一	先按材料汇总，计算方向和效应大小；再把同批多个比较一起控制假发现风险，质量通过且错误概率不超过零点零五才允许解释组间差别。	test	家族分组结构两两比较	结构指标	效应方向与大小	每行写出独立材料数、效应、多项比较后错误概率、质量状态和是否允许解释	指标｜比较｜独立材料数｜效应方向与大小｜多项比较后错误概率｜质量状态｜允许解释	基因长度｜甲组对乙组｜十一｜乙组高一千一百｜零点零二｜通过｜可以描述组间差别；片段数｜甲组对乙组｜十一｜乙组多二｜零点一八｜通过｜只描述方向不下统计结论	0.02｜0.18	green｜grey	多项比较后错误概率	哪一个指标达到预先写明的解释条件？	基因长度的错误概率为零点零二且质量通过，可以描述组间差别；片段数为零点一八，只能描述方向。	比较单位是独立材料，效应、错误概率、质量状态和允许解释结论可逐行核对。	把同一材料的多个基因当独立材料、任一组少于两个材料或质量未通过时先暂停。	下一步换成材料群体标签，查看群体之间是否出现相似结构差别。
5.4	材料群体是按来源或育种背景预先定义的一组材料，不能由本次结果临时重分。	按群体查看结构，可描述不同来源材料是否整体偏向不同范围，同时提示组装质量等替代原因。	基因｜材料｜材料群体｜片段数	基因甲｜材料甲｜群体甲｜五	先核对每个材料只有一个群体标签，再按群体展示逐材料结构值和中间位置。	distribution	材料群体的基因结构分布	材料群体	片段数量	圆点表示材料内典型值，横线表示群体中间位置	群体｜独立材料数｜中间片段数｜范围	群体甲｜七｜五｜四至六；群体乙｜六｜七｜五至八	5｜7	blue｜green	中间片段数	教学数据中哪个群体的典型片段数更多？	群体乙的中间片段数为七，高于群体甲的五，但不能直接归因于来源差异。	群体标签来源清楚，每个圆点代表一个材料，且异常材料可回查。	同一材料被赋予多个群体、群体与物种完全重合或异常值集中于低质量记录时先暂停。	下一步汇总每个材料群体的典型结构和变化范围。
5.5	群体汇总把许多逐材料记录压缩成材料数、典型值和范围，不能省略数据完整性。	先看群体内稳定程度，可判断后面的群体比较是否有足够基础。	材料群体｜材料｜蛋白长度｜记录状态	群体甲｜材料甲｜三百八十｜完整	按群体统计独立材料数、蛋白长度中间值、中间一半范围和缺失材料数。	bars	材料群体结构概况	材料群体	蛋白长度	柱高表示中间值，线段表示中间一半材料范围	群体｜材料数｜中间蛋白长度｜缺失材料数	群体甲｜七｜三百八十｜零；群体乙｜六｜四百二十｜一	380｜420	blue｜green	中间片段长度	哪一个群体需要先处理缺失问题？	群体乙有一个缺失材料，应先查明原因再进行正式比较。	每个群体的材料数与标签表一致，缺失被单独计数且没有用零替代。	任一群体大部分材料缺失，或汇总范围无法从逐材料值重算时先暂停。	下一步在材料层面进行群体之间的成对结构比较。
5.6	群体两两比较要把两个群体的独立材料数、效应方向与大小、多项比较后错误概率和质量状态放在同一行；错误概率越小，当前差别由假发现造成的风险越低。	正式比较能把差值大小、材料波动和比较次数放在同一判断框架里。	结构指标｜群体甲材料数｜群体乙材料数｜比较方向	蛋白长度｜七｜六｜群体乙减群体甲	先确认比较方向和独立材料数，再计算效应；质量通过且多项比较后错误概率不超过零点零五才允许解释群体差别。	test	材料群体结构两两比较	结构指标	效应方向与大小	每行写出两群体独立材料数、多项比较后错误概率、质量状态和是否允许解释	指标｜两群体独立材料数｜效应方向与大小｜多项比较后错误概率｜质量状态｜允许解释	蛋白长度｜七对六｜群体乙高四十｜零点一二｜通过｜只描述方向不下统计结论；片段数｜七对六｜群体乙多二｜零点零三｜通过｜可以描述群体差别	0.12｜0.03	grey｜green	多项比较后错误概率	两个指标中哪一个达到解释条件？	片段数的错误概率为零点零三且质量通过，可以描述群体差别；蛋白长度为零点一二，只描述方向。	比较方向预先写明，独立材料数、效应、错误概率和解释许可均可复核。	比较方向前后不一致、任一群体材料太少、质量未通过或群体标签与物种无法区分时先暂停。	下一步转向成员有无分析，比较材料关系与家族成员分布是否一致。
6.1	材料关系图描述材料之间的整体远近，成员有无图描述某个家族组在哪些材料中出现，两者不是同一对象。	并排比较两张图，可判断成员有无模式是否大致跟随材料关系，也能发现特殊材料。	材料｜关系分支｜家族组甲｜家族组乙	材料甲｜分支一｜有｜无	分别建立材料关系分支和成员有无格子，再按同一材料顺序并排查看，不把两类结果混为一谈。	paired	材料关系与成员有无并排图	按关系分支排列的材料	两个家族组的有无状态	左侧连线表示材料关系分支；右侧每行直接写出两个家族组的有或无	材料｜关系分支｜家族组甲｜家族组乙	材料甲｜分支一｜有｜无；材料乙｜分支一｜有｜有；材料丙｜分支二｜无｜有	1｜2｜1	blue｜green｜orange	两类对象中的检出数	材料甲和材料乙在两张图中有什么共同点？	两者都在分支一且都有家族组甲，但家族组乙的有无不同。	关系分支与有无状态使用同一材料顺序，未检出格子也有明确状态。	材料名单不一致、关系图缺少参照材料或空格来源不明时先暂停。	下一步展开每个家族组，列出具体成员和所在材料。
6.2	家族组把来自不同材料、来源相关的成员放在一起；一个组可以在某些材料中没有记录。	展开组内明细才能查出重复成员、错连材料和只在少数材料出现的组。	家族组｜基因｜所属材料｜连接依据	组甲｜基因甲｜材料甲｜关系稳定	逐组列出全部基因和材料，补齐未检出材料，并核对一个基因不能重复进入两个目标组。	matrix	家族组成员与材料明细	材料	家族组	绿色格表示有具体成员，灰格表示当前未检出	家族组｜材料｜成员｜状态	组甲｜材料甲｜基因甲｜已记录；组甲｜材料乙｜基因乙｜已记录；组甲｜材料丙｜无｜当前未检出	1｜1｜0	green｜green｜grey	是否记录	组甲在哪个材料中没有记录？	组甲在材料丙中当前未检出；这不等于已经证明该材料发生了基因丢失。	每个成员只出现一次，材料名单完整，未检出状态与输入记录一致。	同一基因进入多个组、材料名称无法对应或未检出格被静默删除时先暂停。	下一步汇总每个家族组的完整程度和异常记录，判断哪些组可靠。
6.3	组质量是对成员数、材料覆盖和异常记录的综合检查，不是给生物学重要性打分。	先筛出记录完整、连接稳定的组，可防止低质量分组干扰后续有无和变化分析。	家族组｜材料数｜成员数｜异常记录数	组甲｜八｜九｜零	按统一规则汇总材料覆盖、重复成员、异常长成员和缺失连接，并给出通过、复核或暂停。	bars	家族组质量检查	家族组	检查通过项目数	绿色为通过，橙色为需要复核，红色为暂停使用	家族组｜材料覆盖｜异常数｜结论	组甲｜八｜零｜通过；组乙｜三｜二｜复核；组丙｜一｜四｜暂停	0｜2｜4	green｜orange｜red	异常记录数	哪一个组可以直接进入后续统计？	组甲可进入；组乙要复核，组丙当前应暂停使用。	每个结论都有对应检查项，异常记录保留原始名称和原因。	质量结论没有依据、异常成员被删除后才通过或规则在组间改变时先暂停。	下一步只用通过或经复核确认的组，划分成员有无类型。
6.4	成员有无类型按一个家族组出现在多少材料中划分，界线必须预先写清楚。	四类分布可概括哪些成员普遍出现、哪些只在少数材料出现，并为后续比较提供统一标签。	家族组｜出现材料数｜总材料数｜成员数	组甲｜八｜八｜九	计算每组出现材料比例，再按固定界线分为普遍、较常见、较少见和单材料四类，同时报告组数和基因数。	bars	四类成员有无分布	成员有无类型	家族组数量	深色柱表示组数，浅色点表示对应基因数，两种总数不能混用	类型｜家族组数｜基因数｜出现范围	普遍｜二十｜二十五｜全部材料；较常见｜十二｜十八｜多数材料；较少见｜九｜十｜少数材料	20｜12｜9	green｜blue｜orange	家族组数量	为什么普遍类的组数和基因数不同？	一个家族组可能含有多个基因，所以组数二十与基因数二十五不应当相等。	四类界线固定，所有家族组恰好进入一类，组数合计与明细表一致。	分类界线未记录、同一组进入多类或组数合计对不上时先暂停。	下一步改变材料加入顺序，查看继续加入材料还能发现多少新家族组。
6.5	累积曲线记录材料逐个加入时已发现的不同家族组总数，新增曲线记录每一步新发现多少组。	它能评估当前材料数量是否接近稳定，但不能预测所有未采样材料。	加入步数｜已加入材料｜累计家族组数｜新增家族组数	三｜材料丙｜四十二｜五	使用多种材料顺序反复累计，分别记录总数曲线和新增数曲线，再汇总中间趋势与波动带。	curve	材料增加时家族组发现曲线	已加入材料数	累计家族组数	实线为中间趋势，浅色带为不同加入顺序的范围	材料数｜累计组数｜本步新增数	一｜二十｜二十；三｜四十二｜五；六｜五十｜一	20｜42｜50	blue｜green｜orange	累计家族组数量	加入到六个材料时还新增多少组？	教学数据中新增一个组，说明曲线趋缓但仍不能说已经发现全部家族组。	多种加入顺序都被保存，累计数不下降，新增数与前后累计差一致。	只运行一种材料顺序、累计数出现下降或新增数与累计差不符时先暂停。	下一步逐材料统计四类成员的实际数量，查看材料之间的组成差别。
6.6	实际数量回答每个材料中各类成员有几个，不受该材料总成员数换算影响。	先看实际数量可发现成员特别多或特别少的材料，也能检查分类汇总是否完整。	材料｜成员有无类型｜基因数量｜材料总成员数	材料甲｜普遍｜二十二｜四十	按材料和四类标签计数，补齐零值组合，并核对四类之和等于材料正式成员总数。	stacked	各材料四类成员数量	材料	四类成员的实际数量	每行文字列出四类数量；横条长度只表示显式合同中的四类成员总数，蓝色和绿色区分两个材料	材料｜普遍｜较常见｜较少见｜单材料	材料甲｜二十二｜十｜六｜二；材料乙｜二十｜九｜八｜一	40｜38	blue｜green	四类成员总数	哪个材料的较少见成员更多？	材料乙有八个，高于材料甲的六个；还要结合材料总数查看比例。	每个材料四类数量齐全，零值明确，四项之和与成员表一致。	某材料总和不一致、零值组合缺失或未确认成员被计入时先暂停。	下一步把每类数量换算成材料内部比例，避免总成员数不同带来的误导。
6.7	材料内部比例表示某类成员占该材料全部正式成员的份额，适合比较总成员数不同的材料。	数量和比例一起看，可区分绝对多与相对占比高。	材料｜成员有无类型｜该类数量｜材料总成员数	材料甲｜较少见｜六｜四十	用该类数量除以同一材料正式成员总数，四类比例之和应为百分之百。	bars	各材料四类成员比例	材料	材料内部比例	每种颜色代表一类成员，整根柱为百分之百	材料｜普遍比例｜较常见比例｜较少见比例｜单材料比例	材料甲｜百分之五十五｜百分之二十五｜百分之十五｜百分之五；材料乙｜百分之五十三｜百分之二十四｜百分之二十一｜百分之二	55｜53	blue｜green	普遍成员比例（百分数）	哪个材料的较少见成员占比更高？	材料乙为百分之二十一，高于材料甲的百分之十五。	每个材料的四类比例相加为百分之百，并能从数量表重算。	比例总和明显偏离百分之百、材料总成员数为零或数量表发生变化时先暂停。	下一步查看四类成员主要分布在哪些家族分组中。
6.8	成员有无类型和家族分组是两个不同标签，把它们交叉可以看到哪类成员集中在哪些分组。	交叉分布有助于挑选值得后续研究的分组，同时避免把成员数量多误写成特殊作用。	基因｜成员有无类型｜家族分组｜所属材料	基因甲｜普遍｜甲组｜材料甲	按类型和家族分组补齐全部组合，分别统计基因数和涉及材料数。	matrix	成员有无类型与家族分组交叉表	家族分组	成员有无类型	颜色表示基因数，格内另列涉及材料数	类型｜家族分组｜基因数｜材料数	普遍｜甲组｜十二｜八；较少见｜甲组｜三｜三；单材料｜乙组｜二｜一	12｜3｜2	blue｜blue｜blue	成员数量	甲组中哪一类成员最多？	普遍类有十二个最多，但这可能因为甲组本身成员较多。	所有类型与分组组合都有格子，基因数总和与成员明细一致。	交叉表丢失零值、成员标签缺失或同一基因被重复计数时先暂停。	下一步把成员放到染色体上，检查位置和密度分布。
7.1	染色体位置由染色体名称和起止坐标共同确定，同一染色体上的相邻基因不一定来源相同。	先在代表材料上画出位置，可直观看到成员是否成簇、是否偏向某些染色体区域。	基因｜染色体｜起点｜终点	基因甲｜第一染色体｜一百二十万｜一百二十万零五千	按染色体长度画出每条染色体，再把可靠成员标到对应坐标，并保留基因方向。	chromosome	代表材料的染色体成员位置	染色体坐标	家族成员	圆点表示成员位置，颜色表示家族分组，线段长度表示染色体长度	基因｜染色体｜位置｜家族分组	基因甲｜第一染色体｜一百二十万｜甲组；基因乙｜第一染色体｜一百三十万｜甲组；基因丙｜第三染色体｜九十万｜乙组	1200000｜1300000｜900000	blue｜green｜orange	染色体坐标	第一染色体上的两个成员是否靠得较近？	基因甲和基因乙相距十万，图上较近；仍需后续复制证据判断它们为何相邻。	所有成员坐标都落在对应染色体长度内，名称与代表材料注释一致。	坐标超出染色体、染色体名称对不上或同一基因出现多个冲突位置时先暂停。	下一步扩展到所有材料，比较同一染色体编号上的整体分布。
7.2	跨材料位置比较要求染色体编号和参考版本可对应，不能把无法对应的片段强行放在一起。	把多个材料并排，可区分代表材料特有位置与多材料重复出现的位置模式。	材料｜基因｜染色体｜相对位置	材料甲｜基因甲｜第一染色体｜百分之二十	先把每个坐标换算成所在染色体的相对位置，再按材料并排展示，无法对应的记录单列。	chromosome	多材料染色体成员位置	染色体相对位置	材料	相同颜色表示同一家族分组，不同横行表示不同材料	材料｜染色体｜成员数｜主要位置范围	材料甲｜第一染色体｜四｜百分之十至百分之三十；材料乙｜第一染色体｜三｜百分之十五至百分之四十	4｜3	blue｜green	基因数量	两个材料的主要位置范围是否完全相同？	不完全相同，但有部分重叠；不能仅凭位置范围断言发生结构变化。	每个材料使用自己的染色体长度换算，相对位置在零到百分之百之间。	染色体版本混杂、长度未知或未定位片段被当作正式染色体时先暂停。	下一步按染色体汇总成员数和每段长度内的成员密度。
7.3	染色体成员数受染色体长短影响，密度把成员数与染色体长度同时考虑；未定位成员必须单独列出。	同时报告数量和密度，可避免把长染色体自然容纳更多成员误写成位置偏好。	材料｜染色体｜成员数｜染色体长度	材料甲｜第一染色体｜四｜四千万	逐染色体统计成员数和固定长度内成员数，无法定位的成员另设一行且不计算密度。	bars	染色体成员数量与密度	染色体或未定位类别	实际成员数与固定长度内成员数	每行直接写出实际成员数和密度；未定位行明确标记不计算	类别｜实际成员数｜每千万长度成员数｜说明	第一染色体｜四｜一｜坐标完整；第二染色体｜二｜零点六｜坐标完整；未定位｜一｜不计算｜不归入任何染色体	1｜0.6｜0	green｜blue｜grey	每百万长度基因数	哪条染色体实际成员更多，未定位成员有几个？	第一染色体实际成员更多且密度更高；另有一个未定位成员，不属于第二染色体。	数量、长度、密度和独立未定位行都能从位置明细重算。	染色体长度缺失、长度单位混乱或未定位成员被归到某条染色体时先暂停。	下一步结合位置与相似关系，判断家族成员可能通过哪些复制方式产生。
8.1	复制类型是对相似基因产生位置关系的描述，例如彼此相邻、相距较远或位于大片对应区域；证据不足者单列待定。	先看每个材料中各种复制来源的组成，可形成家族扩展方式的初步轮廓。	材料｜基因｜复制类型｜判断依据	材料甲｜基因甲｜相邻复制｜紧邻相似基因	按预先规则给每个成员分配复制类型，无法判断的记录保留为待定，再按材料计数。	bars	单个材料的复制类型组成	复制类型	成员数量与比例	每行直接写出一种位置关系的成员数和比例，灰色待定行不并入任何正式类型	复制类型｜成员数｜比例｜待复核数	相邻复制｜十二｜百分之四十｜零；远处复制｜九｜百分之三十｜一；大片段复制｜六｜百分之二十｜零；待定｜三｜百分之十｜三	40｜30｜20｜10	blue｜green｜orange｜grey	成员比例（百分数）	教学材料中哪种正式复制类型最多？	相邻复制有十二个最多；三名待定成员只表示证据不足，不构成第四种复制机制。	三种正式类型与待定合计三十个、比例合计百分之百，且每个成员只出现一次。	一个基因进入多个互斥类型、待定记录被删除或比例合计不为百分之百时先暂停。	下一步把多个材料的复制类型并排，比较整体组成是否一致。
8.2	综合分布把每个材料的复制类型数量放在同一张图中，材料总成员数不同仍需同时看比例。	跨材料比较可发现某种复制方式是否在多个材料中反复偏多，也能识别异常材料。	材料｜复制类型｜成员数｜材料总成员数	材料甲｜相邻复制｜十二｜三十	补齐材料与复制类型组合，计算实际数量和材料内部比例，再并排展示。	matrix	多材料复制类型综合分布	材料	复制类型	颜色深浅表示材料内部比例，格内数字表示实际数量	材料｜复制类型｜数量｜材料内比例	材料甲｜相邻复制｜十二｜百分之四十；材料乙｜相邻复制｜八｜百分之二十五；材料丙｜大片段复制｜十｜百分之三十五	12｜8｜10	blue｜blue｜blue	成员数量	材料甲和材料乙的相邻复制比例谁更高？	材料甲为百分之四十，高于材料乙的百分之二十五。	每个材料的类型比例合计为百分之百，实际数量能与逐基因表对应。	材料类型合计不等于总成员数、比例基准不一致或材料标签缺失时先暂停。	下一步按家族分组比较复制类型，查看不同分支是否呈现不同来源组成。
8.3	家族分组与复制类型交叉，回答某个分支的成员主要以哪种位置关系出现。	分组比较可提示家族内部不同分支的扩展历史可能不同，但不能单凭组成证明先后顺序。	基因｜家族分组｜复制类型｜所属材料	基因甲｜甲组｜相邻复制｜材料甲	按家族分组和复制类型补齐组合，统计基因数与独立材料数，避免单一材料主导。	matrix	家族分组与复制类型交叉分布	家族分组	复制类型	颜色表示基因数，格内同时报告独立材料数	家族分组｜复制类型｜基因数｜材料数	甲组｜相邻复制｜十五｜六；甲组｜大片段复制｜四｜三；乙组｜远处复制｜九｜五	15｜4｜9	blue｜blue｜blue	成员数量	甲组的主要复制类型是什么？	甲组相邻复制有十五个最多，且来自六个材料；仍要结合大片段证据解释来源。	每格同时报告基因数和材料数，零值完整，合计与成员表一致。	某格基因很多却只来自一个材料，或分组标签大量缺失时先暂停。	下一步把复制类型与成员有无四类交叉，查看少见成员的来源组成。
8.4	成员有无类型描述出现范围，复制类型描述产生位置，两者交叉但含义不同。	交叉查看可探索少见成员是否更多来自某类复制，同时保留材料数量作为限制。	基因｜成员有无类型｜复制类型｜材料数	基因甲｜较少见｜相邻复制｜三	按成员有无类型和复制类型统计基因数、家族组数与材料数，补齐没有记录的组合。	matrix	成员有无类型与复制类型分布	成员有无类型	复制类型	颜色表示基因数，数字旁注明涉及家族组数	成员类型｜复制类型｜基因数｜家族组数	普遍｜大片段复制｜十八｜十五；较少见｜相邻复制｜七｜六；单材料｜远处复制｜三｜三	18｜7｜3	blue｜blue｜blue	成员数量	较少见成员中哪类复制记录最多？	相邻复制有七个最多，但不能由此认定相邻复制造成了少见分布。	所有基因各有一个成员类型和一个复制类型，交叉合计不重不漏。	任何一类标签缺失、待定复制被误当正式类型或基因重复计数时先暂停。	下一步比较不同复制类型成员的基因长度和片段数量。
8.5	结构差异是复制后基因可能发生变化的表现之一，也可能来自注释完整度不同。	把复制类型与结构指标连接，可筛选需要复核的异常成员和候选变化模式。	基因｜复制类型｜基因长度｜片段数	基因甲｜相邻复制｜三千二百｜五	按复制类型展示逐材料结构值、中间位置和范围，并标记不完整记录。	distribution	不同复制类型的基因结构分布	复制类型	结构指标数值	圆点表示材料内典型值，粗线表示类型中间位置	复制类型｜材料数｜中间长度｜中间片段数	相邻复制｜六｜三千二百｜五；远处复制｜五｜四千一百｜七；大片段复制｜四｜三千六百｜六	3200｜4100｜3600	blue｜green｜orange	中间长度	哪类复制成员的典型片段数最多？	远处复制的中间片段数为七最多，但要先排除注释质量差异。	每类含多个材料，逐基因记录可回查，缺失和截断状态没有被隐藏。	差异完全由一个低质量材料造成、某类材料太少或结构版本不一致时先暂停。	下一步检查大片段对应关系，判断远距离成员是否位于保持相邻顺序的区域。
8.6	大片段对应关系要求两个区域中有多个相邻基因按相似顺序出现，不是只找到一对相似基因。	成片段证据能支持远距离复制来源，也可区分单基因相似与区域级保留。	区域甲基因｜区域乙基因｜相邻序号｜方向一致	基因甲｜基因丁｜一｜是	比较两个染色体区域的全部相邻基因，画出一一对应连线，并统计连续对应数量和方向。	links	两个染色体区域的连续对应关系	两个染色体区域	对应基因连线	同色连线表示连续对应，橙线表示目标家族成员	区域甲｜区域乙｜连续对应基因数｜目标成员对数	第一染色体一区｜第三染色体二区｜八｜二；第二染色体三区｜第五染色体一区｜二｜一	8｜2	blue｜green	连续对应关系数量	哪一对区域更支持大片段对应？	第一染色体一区与第三染色体二区有八个连续对应基因，证据强于只有两个对应的另一对区域。	目标成员周围存在多对连续对应基因，坐标、方向和染色体版本一致。	只有单个目标基因对应、周围基因顺序不连续或染色体版本混用时先暂停。	下一步为可靠成对成员计算两类编码变化，进入变化速度分析。
9.1	两类编码变化分别指会改变蛋白组成和不会改变蛋白组成的变化，它们的比值只是一条比较线索。	在同一家族组内比较成员对，可描述哪些成员对变化更快，并筛出需要复核的异常值。	家族组｜成员甲｜成员乙｜可比较长度	组甲｜基因甲｜基因乙｜九百	在同组内选择可靠成员对，逐对计算两类变化率和比值，同时记录无法稳定计算的原因。	scatter	同一家族组成员对的编码变化	不改变蛋白组成的变化率	改变蛋白组成的变化率	每个点是一对成员，虚线表示两类变化率相等	成员对｜不改变组成变化率｜改变组成变化率｜比值	基因甲对基因乙｜零点二｜零点一｜零点五；基因甲对基因丙｜零点四｜零点三｜零点七五	0.5｜0.75	blue｜green	变化比值	哪一对成员的两类变化比值更高？	基因甲对基因丙的比值零点七五更高，但不能据此单独证明适应性变化。	成员对不重复、可比较长度足够，原始两类变化率和比值同时保留。	成员对重复、序列无法可靠配对、比值无穷或接近零的基准值未标记时先暂停。	下一步按材料组合汇总家族组成员对，查看物种间变化是否一致。
9.2	材料间成员配对要求先确认它们属于同一可靠家族组，再比较对应成员的编码变化。	跨材料汇总可描述哪些材料组合变化较快，同时避免把不同家族分支错配。	材料甲｜材料乙｜家族组｜成员对	材料甲｜材料乙｜组甲｜基因甲对基因乙	按材料组合和家族组建立唯一成员对，计算两类变化率并保留配对质量。	scatter	材料间家族成员对的编码变化	不改变蛋白组成的变化率	两类变化比值	每个圆点对应一行材料组合和家族组，旁边直接写出成员对数与中间比值	材料组合｜家族组｜成员对数｜中间比值	材料甲对材料乙｜组甲｜十二｜零点六；材料甲对材料丙｜组甲｜十｜零点八	0.6｜0.8	blue｜green	中间变化比值	哪个材料组合的中间比值更高？	材料甲对材料丙为零点八更高，但还要看成员对数和变化率范围。	每个成员对来源清楚，材料组合方向固定，配对质量通过检查。	同一成员被多次配对、家族组关系不可靠或材料组合方向混乱时先暂停。	下一步按复制类型给成员对分组，比较不同复制来源的变化速度。
9.3	复制类型分组把成员对按相邻、远处或大片段来源分类，再比较编码变化分布。	这能探索不同复制来源的成员是否呈现不同变化速度，但仍需考虑复制时间不同。	成员甲｜成员乙｜复制类型｜两类变化比值	基因甲｜基因乙｜相邻复制｜零点五	先用可靠复制标签给每对成员分组，再展示原始两类变化率、比值和配对年龄线索。	distribution	不同复制类型成员对的变化分布	复制类型	两类变化比值	圆点为成员对，中线为组内中间位置，灰点为待复核	复制类型｜成员对数｜中间比值｜中间基准变化率	相邻复制｜十五｜零点五｜零点二；大片段复制｜九｜零点七｜零点四	0.5｜0.7	blue｜green	中间变化比值	哪类复制的中间比值更高？	大片段复制为零点七高于相邻复制的零点五，但其基准变化率也更高。	每对成员只有一个复制标签，组内成员对数和原始值完整。	复制类型待定却被强行分组、某类只有一对或极端值未复核时先暂停。	下一步集中比较大片段复制与小范围复制两组的变化比值。
9.4	两类复制比较要同时看比值、基准变化率和成员对数，避免只用一个箱体下结论。	直接比较大片段复制与小范围复制，可量化方向和大小，并检查结果是否由少数点驱动。	成员对｜复制大类｜比值｜基准变化率	基因甲对基因乙｜大片段复制｜零点七｜零点四	把两类成员对并排画出，报告中间差、变化范围和独立家族组数。	comparison	大片段与小范围复制变化比较	复制大类	两类变化比值	圆点为成员对，粗线为中间位置，浅线为中间一半范围	复制大类｜成员对数｜家族组数｜中间比值	大片段复制｜九｜七｜零点七；小范围复制｜十五｜十｜零点五	0.7｜0.5	blue｜green	中间变化比值	哪一类的中间比值更高，差多少？	大片段复制高零点二；是否具有稳定生物学意义还需结合家族组和复制时间。	两类都包含多个家族组，方向、差值和原始点同时展示。	成员对不独立、两类复制时间差异无法检查或结果只由一个家族组造成时先暂停。	下一步单独查看基准变化率的整体分布，寻找可能的复制时间层次。
9.5	不改变蛋白组成的变化率常被用作成员分开时间的粗略线索，但不同基因的变化速度并不完全相同。	查看全家族分布可发现主要峰区和异常高值，为后续按分组比较提供基础。	成员甲｜成员乙｜基准变化率｜配对质量	基因甲｜基因乙｜零点二｜通过	汇总所有可靠成员对的基准变化率，画出分布并单列过高、过低或无法计算的记录。	distribution	全家族基准变化率分布	基准变化率	成员对数量	柱形表示落在该范围的成员对数，竖线表示中间位置	变化率范围｜成员对数｜主要来源	零至零点二｜十八｜相邻复制；零点二至零点五｜二十四｜多种复制；大于零点五｜六｜大片段复制	18｜24｜6	blue｜green｜orange	配对数量	成员对主要集中在哪个范围？	主要集中在零点二至零点五，共二十四对；这不等于它们在同一时间产生。	可靠与待复核成员对分开统计，范围边界固定，原始值可回查。	大量值无法计算、极端高值未标记或不同配对方法混在一起时先暂停。	下一步按家族分组拆开基准变化率，查看不同分支的分布是否不同。
9.6	按家族分组查看基准变化率，可以区分全家族主峰由哪些分支贡献。	分组分布有助于识别变化较早或较晚的候选分支，也能暴露样本量不足的组。	家族分组｜成员对｜基准变化率｜材料组合	甲组｜基因甲对基因乙｜零点二｜材料甲对材料乙	在每个家族分组内画出全部可靠成员对，报告成员对数、中间值和范围。	distribution	家族分组的基准变化率	家族分组	基准变化率	圆点表示成员对，横线表示组内中间位置	家族分组｜成员对数｜中间变化率｜范围	甲组｜十二｜零点二五｜零点一至零点四；乙组｜八｜零点四五｜零点二至零点七	0.25｜0.45	blue｜green	中间变化比值	哪个分组的中间变化率更高？	乙组为零点四五，高于甲组的零点二五，但乙组成员对更少。	每组保留成员对数和材料组合，极端值能追溯到具体成员。	某组只有一对、同一基因反复贡献多数点或材料组合严重不均衡时先暂停。	下一步按材料群体比较两类变化率和比值的整体差别。
9.7	两类变化比值是用改变蛋白组成的变化率除以基准变化率；基准值太小、变化过多或序列没有排齐时，比值会很大却不能可靠解释。	先做逐成员对质量检查，才能防止最醒目的极端比值反而来自不稳定计算。	成员对｜改变组成变化率｜基准变化率｜序列排齐状态	基因甲对基因乙｜零点一｜零点二｜完整	逐成员对核对基准变化率、序列排齐和变化是否过多；只在三项都通过时解释比值，失败记录保留原因。	multi_indicator	两类编码变化比值质量检查	成员对	基准变化率、比值与解释状态	每个成员对一行，直接写出基准变化率、比值、序列质量和是否允许解释	成员对｜基准变化率｜两类变化比值｜序列质量｜允许解释	基因甲对基因乙｜零点二｜零点五｜完整｜可以解释；基因丙对基因丁｜零点零一｜十八｜完整｜基准值过小先暂停；基因戊对基因己｜不能计算｜不能计算｜未排齐｜不能解释	0.5｜18｜0	green｜red｜grey	变化比值	哪一条记录的比值虽然最大却不能直接解释？	基因丙对基因丁的比值十八最大，但基准值只有零点零一，应先暂停；未排齐的基因戊对基因己不能计算。	每条记录都有基准变化率、比值、序列质量和解释状态，失败记录没有被删除。	基准值过小、序列未排齐、变化过多或计算状态缺失时先暂停。	下一步只把通过质量检查的成员对送入家族分组与材料群体的组合比较。
9.8	双重分组把家族分支和材料群体组合成格子，用于查看群体差别是否只出现在某些分支。	它可避免全体平均掩盖分支差异，但每个格子必须有足够材料和成员对。	家族分组｜材料群体｜成员对｜两类变化比值	甲组｜群体甲｜基因甲对基因乙｜零点五	补齐分组与群体组合，计算成员对数、独立材料数和三项中间变化指标。	matrix	家族分组与群体的编码变化	材料群体	家族分组	颜色表示中间比值，格内数字表示成员对数，空格不补零	家族分组｜群体｜成员对数｜中间比值	甲组｜群体甲｜八｜零点五；甲组｜群体乙｜七｜零点七；乙组｜群体甲｜三｜零点四	0.5｜0.7｜0.4	blue｜blue｜blue	中间变化比值	群体差别在甲组中是什么方向？	甲组中群体乙的中间比值零点七，高于群体甲的零点五。	每格报告成员对数和独立材料数，缺失格保持缺失而不是写零。	格子只有一个材料、缺失被补成零或群体效应与家族分组无法区分时先暂停。	下一步改按成员有无类型比较变化指标，连接到第六章分类。
9.9	成员有无类型与变化率是两个来源不同的标签，比较时必须保持相同的成员配对规则。	查看普遍与少见成员的变化模式，可形成候选排序，但不能把相关性写成分类造成变化。	成员有无类型｜成员对｜基准变化率｜两类变化比值	普遍｜基因甲对基因乙｜零点二｜零点五	按四类成员标签汇总成员对数、独立家族组数和三项变化指标，并展示原始点。	comparison	四类成员的编码变化比较	成员有无类型	变化指标数值	颜色表示四类成员，圆点表示成员对，粗线表示中间位置	成员类型｜成员对数｜家族组数｜中间比值	普遍｜二十｜十五｜零点五；较少见｜九｜七｜零点七；单材料｜三｜三｜零点八	0.5｜0.7｜0.8	blue｜green｜orange	中间变化比值	哪一类的中间比值最高，证据最薄弱？	单材料类最高为零点八，但只有三对，证据也最薄弱。	四类使用同一配对与计算规则，同时报告成员对数和家族组数。	某类成员对过少、同一基因跨类重复或极端值主导中间位置时先暂停。	下一步转到基因前方短序列线索，先认识四种主要功能类别。
10.1	基因前方短序列线索是可能被调控蛋白识别的短片段，四大类只是按已知作用主题归类。	先看四类总体组成，可快速了解结果规模，并检查是否有类别被遗漏。	基因｜线索名称｜主要类别｜出现次数	基因甲｜线索甲｜环境响应｜三	逐基因寻找预先登记的短序列线索，再按四个主要类别汇总出现次数和涉及基因数。	bars	四类基因前方线索组成	主要类别	出现次数	四种颜色代表四个主要类别，数字标签表示涉及基因数	主要类别｜出现次数｜涉及基因数｜涉及比例	环境响应｜四十｜十八｜百分之六十；生长发育｜三十｜十五｜百分之五十；激素相关｜二十｜十二｜百分之四十	60｜50｜40	blue｜green｜orange	检出基因比例（百分数）	哪个类别出现次数最多？	环境响应类出现四十次最多，但不等于它在生物学上最重要。	四类次数之和与逐基因记录一致，同时报告涉及基因数而非只报次数。	线索名称无法归类、同一位置重复记录或类别合计对不上明细时先暂停。	下一步把四个主要类别在所有基因中的原始次数并排比较。
10.2	原始次数是某类线索在当前基因前方区域中出现多少次，区域长度不同会影响次数。	比较主要类别的原始次数能描述数据规模，也为后续按基因和分组拆分建立基线。	基因｜主要类别｜出现次数｜前方区域长度	基因甲｜环境响应｜三｜两千	按主要类别汇总总次数、涉及基因数和每个基因平均次数，保留区域长度。	bars	基因前方线索主要类别分布	主要类别	总出现次数	深色柱为总次数，浅色点为涉及基因数，两者使用不同读法	主要类别｜总次数｜涉及基因数｜每基因平均次数	环境响应｜四十｜十八｜二点二；生长发育｜三十｜十五｜二；激素相关｜二十｜十二｜一点七	2.2｜2｜1.7	blue｜green｜orange	每个基因平均次数	总次数最多的类别是否也涉及最多基因？	是，环境响应类在教学数据中两项都最高；真实数据不一定如此。	总次数、涉及基因数和区域长度都保留，零次基因没有从总基因数中删除。	不同基因使用不同区域长度却未记录、零次基因丢失或总次数无法重算时先暂停。	下一步展开每个主要类别，查看具体线索名称的数量。
10.3	子类别是四个主要类别下面的具体短序列名称，同一主要类别可包含多种子类别。	展开子类别可发现总体多是由一种常见线索还是多种线索共同贡献。	基因｜主要类别｜线索子类｜出现次数	基因甲｜环境响应｜干旱线索｜二	按主要类别和子类统计总次数、涉及基因数，并把低频子类完整保留在结果表。	bars	基因前方线索子类数量	线索子类	出现次数	颜色表示所属主要类别，柱高为总次数	主要类别｜线索子类｜总次数｜涉及基因数	环境响应｜干旱线索｜十六｜十；环境响应｜低温线索｜九｜七；生长发育｜光照线索｜十二｜八	16｜9｜12	blue｜green｜orange	基因数量	环境响应类中哪个子类更常见？	干旱线索十六次，高于低温线索九次；这只描述教学数据。	每个子类只能归入一个主要类别，低频子类仍保留在完整表中。	同一子类被归入多个主要类别、低频记录被删除或名称未统一时先暂停。	下一步按家族分组和材料交叉查看具体线索分布。
10.4	同一份逐基因线索表可以按家族分组和材料重新汇总，回答分支与材料组合的原始差别。	交叉图能定位差别来自哪个分组和材料，而不是只看全体平均。	基因｜家族分组｜材料｜线索子类	基因甲｜甲组｜材料甲｜干旱线索	按分组、材料和线索子类补齐全部组合，统计原始次数和涉及基因数。	matrix	家族分组与材料的线索原始次数	材料	家族分组	颜色使用共同范围表示原始次数，格内数字为涉及基因数	家族分组｜材料｜线索子类｜次数	甲组｜材料甲｜干旱线索｜八；甲组｜材料乙｜干旱线索｜四；乙组｜材料甲｜干旱线索｜二	8｜4｜2	blue｜blue｜blue	出现次数	干旱线索在哪个组合中次数最多？	甲组与材料甲组合有八次最多；还需看该组合有多少基因和多长序列。	所有分组与材料组合齐全，颜色范围一致，原始次数可从逐基因表重算。	组合格缺少总基因数、材料名称错配或零值格被删除时先暂停。	下一步把每种线索换成相对自身平均水平的高低，查看模式而非原始规模。
10.5	相对高低是把每种线索分别与它自己的平均水平和波动比较，不能跨线索比较绝对次数。	换算后可突出某个分组与材料组合对某种线索相对偏高或偏低的模式。	家族分组｜材料｜线索子类｜原始次数	甲组｜材料甲｜干旱线索｜八	在每种线索内部计算相对平均水平的偏离，再画交叉颜色图，同时保留原始次数表。	matrix	家族分组与材料的线索相对高低	材料	家族分组	蓝色表示该线索相对自身偏低，红色表示相对自身偏高，白色接近平均	家族分组｜材料｜线索子类｜相对值	甲组｜材料甲｜干旱线索｜一点五；甲组｜材料乙｜干旱线索｜负零点三；乙组｜材料乙｜干旱线索｜零	1.5｜-0.3｜0	red｜blue｜neutral	同一线索内相对值	哪个组合对干旱线索相对偏高？	甲组与材料甲组合相对值一点五，表示在干旱线索内部偏高。	每种线索独立换算，原始次数表仍保留，相对值的正负方向清楚。	把不同线索的相对值当作原始次数比较、某线索无变化仍强行换算或原表丢失时先暂停。	下一步先忽略材料，仅按家族分组汇总各类线索的原始次数。
10.6	按家族分组汇总把所有材料中的同一分支合在一起，结果会受该分组基因数影响。	它能回答某个家族分组总体携带哪些线索较多，并为分组间比较提供清单。	基因｜家族分组｜线索子类｜出现次数	基因甲｜甲组｜干旱线索｜二	按家族分组和线索子类统计总次数、涉及基因数、每基因平均次数和区域长度。	bars	家族分组的线索原始分布	家族分组	总出现次数	每种颜色代表一个线索子类，同一颜色可跨分组比较原始次数	家族分组｜线索子类｜总次数｜涉及基因数	甲组｜干旱线索｜二十｜十二；乙组｜干旱线索｜十｜八；甲组｜光照线索｜十五｜十	20｜10｜15	blue｜green｜orange	基因数量	哪个家族分组的干旱线索总次数更多？	甲组二十次高于乙组十次，但甲组可能也有更多基因。	总次数与涉及基因数并列，分组基因总数和区域长度可查。	只报总次数却缺少分组基因数、线索名称不统一或重复位置未去重时先暂停。	下一步在每种线索内部换算家族分组的相对高低。
10.7	分组相对值表示某分组对某种线索相对该线索整体平均偏高或偏低。	这种图适合找模式，但必须回到原始次数和基因数判断差别是否可靠。	家族分组｜线索子类｜总次数｜分组基因数	甲组｜干旱线索｜二十｜十五	对每种线索分别计算各家族分组的相对偏离，保留原始次数和每基因平均次数。	bars	家族分组的线索相对高低	家族分组	相对自身平均的高低	红色为偏高，蓝色为偏低，同一线索内部才可比较	家族分组｜线索子类｜相对值｜原始次数	甲组｜干旱线索｜一点二｜二十；乙组｜干旱线索｜负一点二｜十；甲组｜光照线索｜零点四｜十五	1.2｜-1.2｜0.4	red｜blue｜red	同一线索内相对值	甲组对哪种线索相对偏高更明显？	教学数据中干旱线索相对值一点二，高于光照线索零点四。	相对值与原始次数同表保留，零变化线索明确标记为不可换算。	跨线索直接比较相对值大小、原始次数表缺失或少数基因主导总次数时先暂停。	下一步按材料汇总线索，查看各材料的原始组成。
10.8	按材料汇总回答每个材料总体携带多少基因前方线索，会受材料家族成员数影响。	材料比较可识别整体线索较多或较少的材料，并检查是否与注释完整度有关。	材料｜基因｜线索子类｜出现次数	材料甲｜基因甲｜干旱线索｜二	按材料和线索子类汇总总次数、涉及基因数、每基因平均次数和记录完整度。	bars	各材料的线索原始分布	材料	总出现次数	同色表示同一线索子类，柱高使用共同原始次数范围	材料｜线索子类｜总次数｜涉及基因数	材料甲｜干旱线索｜十八｜十一；材料乙｜干旱线索｜十二｜九；材料丙｜光照线索｜二十｜十三	18｜12｜20	blue｜green｜orange	基因数量	哪一个材料的干旱线索总次数最多？	材料甲十八次最多；还要核对材料甲是否有更多家族成员。	每个材料的成员总数、区域长度和零次基因均保留，可计算每基因平均次数。	材料注释版本不同、成员数缺失或线索搜索区域长度不一致时先暂停。	下一步在每种线索内部比较材料的相对高低。
10.9	材料相对值先消除不同线索自身次数范围差异，只描述同一线索在材料间的相对位置。	它能让多种线索放在一张模式图中，但不能代替原始次数或每基因平均次数。	材料｜线索子类｜总次数｜材料基因数	材料甲｜干旱线索｜十八｜十四	在每种线索内部换算材料相对偏离，绘图后逐格连接回原始次数表。	bars	各材料的线索相对高低	材料	相对自身平均的高低	红色为该线索在该材料偏高，蓝色为偏低	材料｜线索子类｜相对值｜原始次数	材料甲｜干旱线索｜一点一｜十八；材料乙｜干旱线索｜负零点四｜十二；材料丙｜干旱线索｜负零点七｜九	1.1｜-0.4｜-0.7	red｜blue｜blue	同一线索内相对值	干旱线索在哪个材料中相对偏高？	材料甲相对值一点一为偏高，结论只限干旱线索内部比较。	相对值正负与原始次数排序一致，原始表和换算规则都可查看。	某线索只有一个材料有值、不同材料区域长度不一致或原始表无法对应时先暂停。	下一步按预先定义的材料群体合并材料，比较群体原始组成。
10.10	材料群体汇总把多个独立材料合在一起，应先按材料计算，再在群体内汇总。	按群体比较可减少单一材料偶然性，但仍要报告每群体有多少独立材料。	材料｜材料群体｜线索子类｜每基因次数	材料甲｜群体甲｜干旱线索｜一点三	先在材料内计算每基因次数，再按群体汇总中间水平、材料范围和总次数。	bars	材料群体的线索原始分布	材料群体	每基因线索次数	圆点表示独立材料，柱线表示群体中间水平	群体｜独立材料数｜线索子类｜中间每基因次数	群体甲｜六｜干旱线索｜一点三；群体乙｜五｜干旱线索｜零点九；群体甲｜六｜光照线索｜一点一	1.3｜0.9｜1.1	red｜red｜red	同一线索内相对值	哪个群体的干旱线索中间水平更高？	群体甲一点三高于群体乙零点九，但还要检查材料范围是否重叠。	每个点代表一个材料，群体材料数和范围完整，单一材料不会重复充当多个点。	把逐基因记录直接当独立材料、群体只有一个材料或群体与物种完全重合时先暂停。	下一步在每种线索内部换算群体相对高低，观察多线索模式。
10.11	群体相对高低在每种线索内部比较群体中间水平，适合发现整体模式而非绝对次数。	将多种线索并列可看到群体差别是否集中于少数线索，但需回查独立材料。	材料群体｜线索子类｜中间每基因次数｜材料数	群体甲｜干旱线索｜一点三｜六	对每种线索的群体中间值分别换算相对偏离，同时保留材料点和原始汇总。	bars	材料群体的线索相对高低	材料群体	相对自身平均的高低	红色为该线索在群体中偏高，蓝色为偏低，灰色为材料不足	群体｜线索子类｜相对值｜材料数	群体甲｜干旱线索｜零点九｜六；群体乙｜干旱线索｜负零点九｜五；群体甲｜光照线索｜零点二｜六	0.9｜-0.9｜0.2	red｜blue｜red	同一线索内相对值	哪个群体对干旱线索相对偏高？	群体甲相对值零点九为偏高；仍需看六个材料的原始点是否一致。	相对值、材料数和原始点一同呈现，材料不足格明确为灰色。	材料不足仍给出强颜色、相对值与原始方向相反或换算规则未记录时先暂停。	下一步按家族组汇总线索，查看来源相关成员是否共享前方线索模式。
10.12	家族组层面把来源相关的成员放在一起，统计它们共有和特有的基因前方线索。	组内汇总可连接成员关系与调控线索，但组大小差异必须同时报告。	家族组｜基因｜线索子类｜出现次数	组甲｜基因甲｜干旱线索｜二	按家族组和线索子类统计总次数、涉及成员数、组内成员总数和每基因次数。	bars	家族组的基因前方线索分布	家族组	每基因线索次数	同色表示同一线索子类，灰点表示家族组成员不足	家族组｜成员数｜线索子类｜每基因次数	组甲｜八｜干旱线索｜一点二；组乙｜五｜干旱线索｜零点八；组丙｜二｜干旱线索｜一点五	1.2｜0.8｜1.5	red｜red｜red	同一线索内相对值	哪个组的数值最高但最需要谨慎？	组丙一点五最高，但只有两个成员，最需要谨慎。	每个组同时报告成员总数和涉及成员数，少成员组不与大组等量解读。	组内成员关系不可靠、成员数过少却给出强结论或同一基因跨组重复时先暂停。	下一步选定代表材料和代表基因，展示可追查的具体线索记录。
10.13	代表基因是按预先规则选出的展示对象，不代表组内所有基因，也不等于最重要基因。	展示具体基因可让读者从汇总图回到原始位置，理解一条线索记录长什么样。	代表材料｜家族分组｜候选基因｜选择理由	材料甲｜甲组｜基因甲｜记录最完整	按固定顺序选择代表材料和基因，列出全部候选与选择原因，再展示具体线索位置。	bars	代表基因的前方线索记录	线索子类	出现次数	柱表示代表基因次数，旁边数字标出具体相对位置	代表基因｜线索子类｜次数｜相对位置	基因甲｜干旱线索｜二｜负三百与负八百；基因甲｜光照线索｜一｜负五百；基因乙｜干旱线索｜一｜负四百	2｜1｜1	blue｜green｜orange	位置数量	为什么基因甲被选为代表？	因为它在固定规则下记录最完整，不是因为它一定最重要。	候选名单、并列处理规则和具体位置都保留，代表选择可重复。	选择理由事后改变、并列候选随意挑选或只保留代表而删除完整表时先暂停。	下一步在完整结果不变的前提下，挑出次数最多的线索做简化展示。
10.14	简化展示只减少图上显示的类别，完整结果表仍必须保存全部线索。	当线索种类很多时，先画最常见部分可提高可读性，同时避免误把未画类别当作不存在。	线索子类｜总次数｜展示名次｜完整表状态	干旱线索｜四十｜一｜保留	按预先确定的展示数量和固定排序选出前几类，图外类别合并为其他但完整表不合并。	bars	出现次数最多的线索简图	线索子类	总出现次数	深色柱为展示类别，浅色柱为其他类别合计，完整表保留逐类记录	线索子类｜总次数｜是否展示｜名次	干旱线索｜四十｜是｜一；光照线索｜三十｜是｜二；低温线索｜九｜否｜六	1｜2｜6	blue｜green｜grey	位置数量	低温线索没有画成独立柱，是否表示它不存在？	不是，它有九次并保留在完整表，只是未进入预定展示名次。	展示数量和排序规则预先固定，图中合计与完整表总次数一致。	完整表被删减、展示名次事后改变或其他类别合计对不上时先暂停。	下一步同时按材料群体和家族分组查看线索模式，完成本章综合比较。
10.15	群体与家族分组组合格同时包含两个标签，必须有足够独立材料才能解释。	综合交叉图可定位群体差别是否集中在特定家族分支，也能暴露空格和样本不均衡。	材料｜材料群体｜家族分组｜线索子类	材料甲｜群体甲｜甲组｜干旱线索	先在材料内计算每基因次数，再按群体和家族分组组合汇总，保留独立材料数和空格。	matrix	材料群体与家族分组的线索模式	家族分组	材料群体	颜色表示同一线索内部的相对高低，格内数字为独立材料数	群体｜家族分组｜线索子类｜相对值｜材料数	群体甲｜甲组｜干旱线索｜一点一｜六；群体乙｜甲组｜干旱线索｜负零点五｜五；群体甲｜乙组｜干旱线索｜零点二｜三	1.1｜-0.5｜0.2	red｜blue｜red	同一线索内相对值	甲组中哪个群体对干旱线索相对偏高？	群体甲相对值一点一偏高，但这只描述当前教学材料中的组合模式。	每格报告独立材料数，空格保持缺失，群体和分组标签都能追溯。	组合格材料太少、群体与物种混在一起或空格被填成零时先暂停。	下一步连接样本读数，查看不同成员类型和家族分组的活跃程度。
11.1	活跃程度表示样本中某个基因信息被读取的相对多少，检测到与读数高是两个不同问题。	按四类成员汇总可描述普遍成员和少见成员在可比样本中的活跃模式。	基因｜成员有无类型｜样本｜活跃读数	基因甲｜普遍｜叶片甲｜十八	先在同一物种和条件内连接成员标签，分别统计检测比例和样本内相对排名。	comparison	四类成员的活跃程度比较	成员有无类型	样本内相对活跃程度	每行圆点和横线对应一种成员类型，旁边直接写出基因数、检测比例和中间相对排名	成员类型｜基因数｜检测比例｜中间相对排名	普遍｜二十｜百分之八十｜前百分之四十；较少见｜九｜百分之五十｜前百分之六十；单材料｜三｜百分之三十｜前百分之七十	80｜50｜30	blue｜green｜orange	检出比例（百分数）	哪一类成员的检测比例最高？	普遍类为百分之八十最高，但不能因此认定普遍分布造成高活跃。	只在可比样本内换算，基因数、缺失和检测比例均完整报告。	不同物种绝对读数直接混合、缺失当成零或基因连接表有重复时先暂停。	下一步查看每个家族基因在所有可比样本中的整体颜色模式。
11.2	基因与样本颜色图的每个格子代表一个基因在一个样本中的相对活跃程度。	整体图可发现同组样本是否相似、哪些基因具有组织偏好，以及是否有异常样本。	基因｜样本｜样本组｜活跃读数	基因甲｜叶片甲｜叶片｜十八	先检查样本质量和对应关系，再按基因或样本内规则换算颜色，原始数值表始终保留。	expression	家族基因与样本活跃颜色图	样本	基因	深色表示相对较高，浅色表示相对较低，灰色表示缺失而不是零	基因｜叶片甲｜叶片乙｜根甲	基因甲｜十八｜十七｜三；基因乙｜四｜五｜二十；基因丙｜缺失｜六｜七	18｜4｜0	blue｜green｜grey	样本甲活跃读数	哪个基因在根样本中相对更活跃？	基因乙在根甲中读数二十最高；还要看重复根样本是否一致。	同组重复样本模式大致一致，缺失与零分开，原始数值能回查。	同组样本差异巨大、样本标签错配或颜色换算后丢失原始表时先暂停。	下一步在有原始计数和独立重复的条件下，正式比较处理与对照。
11.3	处理比较需要对照、独立重复和每个样本的原始整数读数；多项比较后错误概率把许多基因一起考虑，越小表示假发现风险越低。	分别完成每个预定比较后再汇总，可区分多条件共有变化和某一条件特有变化。	基因｜样本｜条件｜原始计数	基因甲｜对照一｜对照｜一百二十	逐数据集检查重复和质量，按预定方向计算变化倍数；质量通过且多项比较后错误概率不超过零点零五才进入跨条件汇总。	de	多个处理比较的变化记录	处理比较	基因及变化证据	红色标记上升，蓝色标记下降，灰色标记不允许解释；每行写出重复数、效应和错误概率	基因｜比较｜每组独立重复数｜效应方向与大小｜多项比较后错误概率｜质量状态｜允许解释	基因甲｜干旱与对照｜三对三｜上升二倍｜零点零一｜通过｜可以解释；基因甲｜盐处理与对照｜三对三｜上升一点八倍｜零点零三｜通过｜可以解释；基因乙｜干旱与对照｜三对三｜下降一点五倍｜零点二十｜通过｜只描述方向	2｜1.8｜-1.5	red｜red｜grey	变化倍数（带方向）	哪个基因在两个比较中都达到解释条件且方向一致？	基因甲在两个比较中都通过质量检查、错误概率不超过零点零五且方向为上升。	每行都有重复数、效应、错误概率、质量状态和解释许可，跨条件汇总可由明细重算。	缺少独立重复、输入不是原始整数、质量未通过或比较方向临时改变时先暂停。	下一步单独查看环境处理比较，结合组织、时间和处理强度解释变化。
11.4	环境处理比较只在同一实验的处理与对照之间进行；多项比较后错误概率把许多基因一起考虑，越小表示假发现风险越低。	逐个环境条件查看方向和大小，可筛选多次出现的响应候选并保留条件差异。	基因｜样本｜环境条件｜原始计数	基因甲｜干旱一｜干旱处理｜二百四十	在每个环境实验内检查独立重复，计算变化倍数；质量通过且多项比较后错误概率不超过零点零五才允许解释。	de	环境处理下的基因变化	环境比较	基因及变化证据	红色标记上升，蓝色标记下降，灰色标记不允许解释；每行写出重复数、效应和错误概率	基因｜环境比较｜每组独立重复数｜效应方向与大小｜多项比较后错误概率｜质量状态｜允许解释	基因甲｜干旱与对照｜三对三｜上升二倍｜零点零一｜通过｜可以解释；基因乙｜干旱与对照｜三对三｜下降一点五倍｜零点零四｜通过｜可以解释；基因丙｜盐处理与对照｜三对三｜上升一点二倍｜零点二十｜通过｜只描述方向	2｜-1.5｜1.2	red｜blue｜grey	变化倍数（带方向）	干旱比较中哪两个基因方向相反且都达到解释条件？	基因甲上升、基因乙下降，二者质量通过且错误概率不超过零点零五。	对照方向、组织、时间、独立重复、效应和解释许可都完整记录。	处理与对照标签颠倒、重复不足、质量未通过或不同组织混合时先暂停。	下一步用同样原则查看病原处理，避免把不同感染条件合并。
11.5	病原处理结果受病原、时间、组织和批次共同影响；多项比较后错误概率越小，当前结果由假发现造成的风险越低。	独立查看每个感染实验可识别重复出现的防御候选，也能避免跨实验绝对读数误比。	基因｜样本｜感染条件｜原始计数	基因甲｜感染一｜病原甲二十四小时｜三百	在每个感染实验内检查独立重复、采样时间和质量，再计算变化倍数；错误概率不超过零点零五才允许解释。	de	病原处理下的基因变化	感染比较	基因及变化证据	红色标记上升，蓝色标记下降，灰色标记不允许解释；每行写出重复数、效应和错误概率	基因｜感染比较｜每组独立重复数｜效应方向与大小｜多项比较后错误概率｜质量状态｜允许解释	基因甲｜病原甲与对照｜三对三｜上升二点五倍｜零点零二｜通过｜可以解释；基因乙｜病原甲与对照｜三对三｜下降一点四倍｜零点零四｜通过｜可以解释；基因甲｜病原乙与对照｜三对三｜上升一点三倍｜零点十二｜通过｜只描述方向	2.5｜-1.4｜1.3	red｜blue｜grey	变化倍数（带方向）	基因甲在两个感染比较中的方向是否一致，哪些能解释？	方向都为上升；病原甲比较错误概率零点零二可以解释，病原乙比较零点十二只描述方向。	病原、组织、时间、批次、重复数、效应和解释许可均完整记录。	感染时间混淆、不同病原共用不匹配对照、质量未通过或重复不足时先暂停。	下一步按组织和成员有无类型汇总活跃程度，查看组织偏好。
11.6	组织比较回答根、茎、叶等可比组织中的相对活跃模式，必须在同一物种和实验范围内进行。	把组织与四类成员交叉，可查看普遍成员和少见成员是否呈现不同组织偏好。	基因｜成员有无类型｜组织｜活跃读数	基因甲｜普遍｜叶片｜十八	先在每个样本内整理读数，再按组织和成员类型汇总基因数、检测比例和相对水平。	comparison	不同组织中四类成员的活跃程度	组织	相对活跃程度	颜色表示成员有无类型，圆点表示独立样本中的类型汇总	组织｜成员类型｜基因数｜中间相对读数	叶片｜普遍｜二十｜十二；根｜普遍｜二十｜八；叶片｜较少见｜九｜五	12｜8｜5	blue｜green｜orange	中间相对读数	普遍成员在叶片还是根中更活跃？	教学数据中叶片中间相对读数十二，高于根的八；不能跨不同实验直接推广。	组织名称统一，每个格报告基因数和独立样本数，缺失保持缺失。	不同物种组织混合、同一材料重复计权或某格只有一个样本时先暂停。	下一步同时按材料群体和家族分组汇总活跃模式，完成教程综合分析。
11.7	群体与家族分组交叉活跃图同时受材料来源、家族组成和实验批次影响，主要用于描述。	综合图可定位某个群体中的特定家族分组是否相对偏高，并暴露样本空格。	样本｜材料群体｜家族分组｜活跃读数	样本甲｜群体甲｜甲组｜十八	先在可比实验内按样本汇总，再构造群体与家族分组格子，报告独立样本数、缺失和相对水平。	matrix	材料群体与家族分组的活跃模式	家族分组	材料群体	颜色表示可比实验内相对高低，格内数字为独立样本数，灰格表示缺失	群体｜家族分组｜独立样本数｜中间相对读数	群体甲｜甲组｜六｜十二；群体乙｜甲组｜五｜八；群体甲｜乙组｜三｜十；群体乙｜乙组｜缺失｜缺失	12｜8｜10｜0	blue｜blue｜blue｜grey	中间相对读数	甲组在哪个群体中相对更活跃？	群体甲中间相对读数十二，高于群体乙的八；仍不能把差别直接归因于群体来源。	每格独立样本数和缺失完整，批次范围清楚，原始样本记录可追溯。	群体与物种或批次完全重合、空格补零、样本数不足或家族分组连接错误时先暂停。	下一步回到思维导图，把成员、结构、出现范围、位置、复制、编码变化、前方线索和样本活跃证据连成完整解释链。
