source_id	chapter	title	state	biological_question	required_inputs	pipeline_entry	canonical_outputs	how_to_read	qc_checks	supported_claims	unsupported_claims	limitation	toy_evidence_slot	anchor	analysis_unit	join_keys	runtime_gate	evidence_basis	extension_requirements
4.1	4	家族成员详细信息	IMPLEMENTED	哪些 canonical 基因模型具有足够的家族证据，并有哪些候选被拒绝？	canonical genome/GFF3 派生的 protein/CDS；HMM、BLASTP 或 precomputed_members 至少一条证据通道；可选 domain/localization/subfamily 外部表。	模块 family；uv run panfamflow run -c config.yaml -m family。	results/02_family/family_members.tsv	先按 stable_id 检查唯一性与 decision，再看 evidence_hmm/evidence_blast/evidence_precomputed、best-hit 字段、protein property 和 rejection_reason。	候选与拒绝总数闭合；stable_id 唯一；正式成员有启用通道证据；短蛋白、截断域、冲突注释进入拒绝/复核而非静默删除。	在当前输入注释、canonical transcript 和冻结阈值下的目标家族成员集合及其证据链。	不能证明零漏检、真实功能或所有未收录基因均不属于家族。	成员可信度仍取决于输入注释、阈值与可选验证表	toy-4-1	analysis-4-1	stable_id 对应的 canonical gene model	stable_id；外部表可用 species_id+gene_id 映射	直接规则 combine_family_evidence 可达；前置 normalize/qc 必须通过。	family 模块合并 HMM、BLASTP、domain validation 与 canonical ID 证据	需要更严格时增加 manually reviewed positive/negative truth set 与 genome-level rescue。
4.2	4	系统发育分析树	IMPLEMENTED	目标家族成员之间的序列关系、主要 clade 和异常长枝是什么？	results/02_family/family_proteins.fa；序列数不少于 phylogeny.min_sequences。	模块 phylogeny；自动依赖 family；MAFFT→ClipKIT→IQ-TREE。	results/03_phylogeny/family.treefile	先核对叶标签与 family_members 一一对应，再看比对长度与缺口，最后结合 branch support、参考基因和结构域架构解释 clade。	序列数门槛；alignment/tree/report 非空；长枝是否来自短/截断蛋白；bootstrap 与 SH-aLRT 是否可读取。	可支持目标家族基因树及在当前模型/比对下的分支关系假说。	gene tree 不等于 species tree；不能仅凭拓扑证明功能、分化时间或 HOG 身份。	基因树不是物种树；亚家族命名仍需外部证据	toy-4-2	analysis-4-2	目标家族 protein sequence	tree leaf label ↔ stable_id	直接规则 family_phylogeny 可达。	phylogeny 模块执行 MAFFT、ClipKIT 与 IQ-TREE	正式分类可追加 reference genes、domain tracks、可审计 tree annotation 表。
4.3	4	家族成员分布热图	IMPLEMENTED	各物种在不同 subfamily 中有多少目标家族成员，数量和物种内比例是否显示异常偏倚？	family_members.tsv 中唯一的 stable_id、species_id、subfamily；冻结 species panel 和亚家族标签。	family 模块自动按 species_id×subfamily 构造零值完整网格，并同时计算 gene_count 与 species_fraction。	results/02_family/family_distribution.tsv；results/02_family/family_distribution.pdf	先看基因数面板判断绝对拷贝规模，再看物种内比例面板判断组成；Unassigned 必须保留，0 只表示当前成员表没有记录。	stable_id 唯一；每个物种 gene_count 闭合；有成员物种的 species_fraction 和为 1；检查注释质量、样本总数和极端颜色。	可支持当前成员集合中 species×subfamily 的拷贝数和组成描述。	不能把 0 解释为 validated gene loss，也不能从热图直接断言扩张、收缩或适应机制。	0 只能表述为当前成员表未检出，annotation absence 不等于 validated gene loss	toy-4-3	analysis-4-3	species_id×subfamily 单元	family_members: stable_id, species_id, subfamily	family 规则可直接生成；没有亚家族标签时显式进入 Unassigned。	family 模块自动输出 species×subfamily 零值完整的基因数、物种内比例表和双面板热图	正式研究应并列 BUSCO、注释版本和缺失标签率，并在宣称基因丢失前做基因组区段与同源证据复核。
4.4	4	核心结构域氨基酸序列 Logo	CONDITIONALLY_AVAILABLE	家族核心结构域的哪些氨基酸位点高度保守，哪些位置具有可信变异？	经验证的核心结构域边界、每个成员的氨基酸序列、同源结构域裁剪结果和高质量多序列比对。	模块 phylogeny；设置 domain_logo.enabled=true 并提供经过审计的 domain_alignment。	results/03_phylogeny/Fig09_core_domain_logo.pdf；results/03_phylogeny/Fig09_core_domain_logo.png；results/03_phylogeny/family_domain_segments.tsv；results/03_phylogeny/domain_logo.xlsx	Logo 每一列表示对齐位置的残基组成和信息量；必须先确认列是同源位点，再区分保守位点、缺口和低覆盖位置。	结构域边界来源；序列方向与裁剪一致；比对覆盖率；高缺口列；截短蛋白；冗余序列权重；位点编号映射。	在边界和比对都通过质量控制后，可描述核心结构域内的残基保守模式。	不能用未经裁剪的全长序列 Logo 代替核心结构域证据，也不能仅凭图形证明功能位点或选择压力。	仅在 domain_logo.enabled=true 且结构域边界与对齐输入通过 QC 时运行；Logo 不能证明功能位点或选择压力	toy-4-4	analysis-4-4	对齐后的核心结构域氨基酸位点	stable_id→domain interval→aligned position	仅在 domain_logo.enabled=true 且边界、序列 ID、对齐长度和缺口 QC 通过时运行。	domain_logo 可选子路径读取经过审计的核心结构域对齐，输出逐位点残基频率、信息量、域片段和 Logo QC	真实数据需冻结结构域数据库版本、边界来源、序列筛选和高缺口列规则。
5.1	5	不同亚家族之间基因结构比较图	IMPLEMENTED	不同 subfamily 的 gene length、CDS、exon/intron 等结构分布是否不同？	gene_structure_metrics.tsv；非空 subfamily；预选比较指标。	运行 gene_structure 后外部绘制 violin/box/jitter；当前模块不产比较图。	results/04_gene_structure/gene_structure_group_comparisons.pdf	先看每组 n、缺失、分布与离群点，再看 median/IQR；图中应标明单位、样本量和未校正/校正统计。	structure_qc=PASS；组内 n；极端长基因；多个指标的 FDR；物种嵌套/非独立性。	可支持描述性结构分布；配合预注册检验可支持组间差异。	不能由结构图证明功能分化或适应性选择。	需要完整亚家族元数据；当前图为 box+jitter 而非 MD 建议的 violin+box+jitter，且只覆盖配置指标	toy-5-1	analysis-5-1	stable_id，按 subfamily 分组	gene_structure_metrics.stable_id/subfamily	gene_structure 直接可跑；比较图为外部后处理。	gene_structure 自动生成亚家族物种中位数比较图，并在面板标注重复不足、低重复或无变异	增加 R/Python 绘图、效应量、组内物种控制与 PDF/PNG。
5.2	5	基因结构描述性统计（亚家族）	IMPLEMENTED	每个 subfamily 的结构指标中心、离散度和范围是什么？	gene_structure_metrics.tsv 且 subfamily 已导入。	模块 gene_structure 自动汇总 group_field=subfamily。	results/04_gene_structure/gene_structure_summary.tsv	先筛 group_field=subfamily，再按 metric 读 n、mean、sd、median、q1、q3、min、max；长尾指标优先 median/IQR。	group_value 缺失是否单列；n=1 时 sd 为 NA；structure_qc 异常不应混入主解释。	可支持当前 canonical transcript 下各 subfamily 的结构描述。	不支持显著性或因果结论；均值差不等于统计差异。	当前不保证按亚家族输出模板要求的全部描述统计	toy-5-2	analysis-5-2	subfamily×metric	group_field, group_value, metric	直接规则 gene_structure_metrics 可达。	gene_structure_summary.tsv 提供结构汇总基础	扩展其他指标需修改 summary_columns 并增加 schema/test。
5.3	5	亚家族间两两检验结果	IMPLEMENTED	哪些亚家族在预选结构指标上存在物种层面可重复的差异，差异方向和大小如何？	gene_structure_metrics.tsv；非缺失 subfamily 与 species_id；预定义 metrics、min_group_units 和 alpha。	gene_structure 先为每个 species_id×subfamily 计算中位数，再做 Kruskal-Wallis；仅总体检验显著时执行两侧 Mann-Whitney U，并在每个 scope×metric 内做 BH-FDR。	results/04_gene_structure/gene_structure_global_tests.tsv；results/04_gene_structure/gene_structure_pairwise_tests.tsv	先读 analysis_unit、test_status、inference_warning 与每组 n_species，再读总体 P 值；只有两两检验状态为 PASS 时才结合 p_adjusted_bh、median_species_unit_difference 和 rank_biserial_effect。	stable_id 唯一；structure_qc=PASS；亚家族赋值唯一；每组物种单元数；零变异；低重复；BH 校正范围；图中警告与表一致。	可支持当前亚家族定义、结构指标和物种中位数推断单位下的组间差异及效应方向。	不能把基因条目数当独立物种重复，也不能只凭 P<0.05 声称生物学重要、功能分化或独立进化。	需要完整亚家族赋值且每组至少 2 个物种单元；不足时明确暂停 P 值推断，不能把基因数当生物学重复	toy-5-3	analysis-5-3	species_id×subfamily×metric 中位数	stable_id→species_id/subfamily	至少两个可比较亚家族且每组达到 min_group_units；否则仍输出描述图与 QC，但 P 值为 NA。	gene_structure 以物种×亚家族中位数为推断单位，执行 Kruskal-Wallis、条件性 Mann-Whitney U、BH-FDR 与秩二列效应量	正式研究可增加系统发育广义最小二乘、混合模型、预注册 contrasts 和多阈值敏感性分析。
5.4	5	不同群体之间基因结构比较	IMPLEMENTED	不同材料群体的目标家族结构分布是否有差异？	metrics 表中的 group；群体定义、样本构成和亚家族组成。	gene_structure 自动连接 group 并生成群体物种中位数比较图、整体/两两统计和推断警告。	results/04_gene_structure/gene_structure_group_comparisons.pdf	先比较群体样本组成和 subfamily 构成，再看分布；必要时分层或模型中调整 subfamily/species。	group 非空；每组物种/基因数；批次/注释质量；组成混杂；图与统计一致。	可支持当前 panel 中群体的描述性结构差异。	不能将群体差异直接归因于驯化或适应而无系统发育/组成控制。	需要冻结且非缺失的 group；物种组成与系统发育混杂仍需正式模型处理	toy-5-4	analysis-5-4	stable_id，按 group 分组	gene_structure_metrics.group	基础数据直接可用；需外部图形与模型。	gene_structure 自动连接 family group 元数据并生成群体物种中位数比较图和推断警告	增加组成审计、分层图和混合/置换模型。
5.5	5	基因结构描述性统计（群体）	IMPLEMENTED	每个 species group 的结构指标中心和离散度是什么？	gene_structure_metrics.tsv；species records 中 group 已定义。	gene_structure 自动汇总 group_field=group。	results/04_gene_structure/gene_structure_summary.tsv	筛 group_field=group，按 metric 读 n、median/IQR 与范围；将 group=NA 单独审查。	group 标签完整；n 与物种数同时报告；异常结构模型不掩盖；sd 在小 n 下慎用。	可支持当前 group 定义下的描述性统计。	不支持群体间显著性或遗传机制推断。	需冻结 group 元数据；当前默认指标仍少于 MD 的完整结构指标清单	toy-5-5	analysis-5-5	group×metric	group_field, group_value, metric	直接规则可达。	gene_structure_summary.tsv 自动包含 group_field=group 的配置指标汇总	扩展时增加 n_species、per-species summary 与层级 bootstrap。
5.6	5	群体间两两检验结果	IMPLEMENTED	预先冻结的材料群体在结构指标上是否存在物种层面可重复的差异，差异量多大？	gene_structure_metrics.tsv；非缺失 group 与 species_id；预定义 metrics、min_group_units 和 alpha。	gene_structure 以 species_id×group 中位数为推断单位执行 Kruskal-Wallis；总体显著后再做两侧 Mann-Whitney U、BH-FDR 和秩二列效应量。	results/04_gene_structure/gene_structure_global_tests.tsv；results/04_gene_structure/gene_structure_pairwise_tests.tsv	先看 group 的物种组成、n_species、test_status 和 inference_warning，再看总体 P 值与两两 p_adjusted_bh；同时报告中位数差和效应方向。	group 定义冻结；stable_id 唯一；每组物种单元数；物种组成与亚家族混杂；零变异；低重复；图表方向一致。	可支持给定群体、结构指标和物种中位数推断单位下的统计关联与差异方向。	不能把统计关联解释为驯化、生态适应或群体选择的因果证据；不能忽略物种系统发育和群体组成。	需要冻结 group 元数据且每组至少 2 个物种单元；未控制群体构成和系统发育时不得作驯化或适应因果解释	toy-5-6	analysis-5-6	species_id×group×metric 中位数	stable_id→species_id/group	至少两个可比较群体且每组达到 min_group_units；不足时保留描述结果并明确暂停 P 值推断。	gene_structure 以物种×群体中位数为推断单位，输出整体检验、条件性两两检验、BH-FDR、效应量与统计 QC	正式群体研究应加入系统发育、群体构成、批次和亚家族比例控制，并预注册比较范围。
6.1	6	OGG 系统发育树	CONDITIONALLY_AVAILABLE	是要展示 species tree、单个 HOG gene tree，还是 presence/absence clustering？	需要先明确树的对象；species tree 需 single-copy HOG；HOG gene tree 需单 HOG 序列；聚类需 presence matrix。	orthology 模块保留 OrthoFinder 结果，phylogeny 模块生成目标家族 gene tree；必须先定义需要 species tree、单组 gene tree 还是 presence/absence 聚类。	results/05_orthology/orthofinder_result_dir.txt	在定义对象前不应阅读或命名为系统发育树；presence/absence dendrogram 应明确为相似性聚类。	树对象、序列/矩阵来源、模型/距离、节点支持、叶标签和 root 全部需记录。	当前只能教学性解释不同树的含义。	不能把目标家族 gene tree、species tree 或 Jaccard 聚类互相替代。	物种树、HOG 聚类树与目标家族基因树概念不同，未输出模板同款 OGG 图	toy-6-1	analysis-6-1	未定义	未定义	基础树和 OrthoFinder 目录可用；模板同款 OGG 专用图尚无 canonical rule。	orthology 模块保留 OrthoFinder 结果目录和 HOG 节点	先冻结产品定义，再实现 species tree 或 per-HOG gene tree，并测试命名边界。
6.2	6	OGG 分组详细信息表	IMPLEMENTED	每个目标家族 HOG 含哪些物种/基因、各物种拷贝数和占有率是多少？	family_members.tsv；优先使用 OrthoFinder 公开 HOG N*.tsv；hog_node:auto 在没有公开 HOG 表时可回退到 Orthogroups/Orthogroups.tsv，并显式标记为 OG。	模块 pan_family；标准 DAG 的 orthofinder_result_dir.txt 合约已修复并实跑通过。	results/06_pan_family/family_hog_membership.tsv	先看 hog_node/status 和 unassigned，再按 HOG_ID 连接 classification/membership；copy_number_in_species 与 occupancy 分开读。	HOG_ID 唯一；stable_id 不跨 HOG 重复；物种列完整；unassigned 原因；analysis_scope 正确。	可支持所选 HOG node 的目标家族成员分组。	不能把 HOG 等同于 clade 或 pan-locus。	仅覆盖目标基因家族；必须检查 orthology_group_type，且不是全基因组泛基因家族目录	toy-6-2	analysis-6-2	目标家族 HOG；仅在明确标记 AUTO_ORTHOGROUP_FALLBACK 时为公开 OG	HOG_ID/OG ID；stable_id；species_id；orthology_group_type	auto 路径可执行；正式多物种结果应冻结 N* 节点。显式 N* 不存在时 fail closed，不静默回退。	pan_family 模块优先解析指定 OrthoFinder HOG；auto 缺公开 HOG 表时使用并明确标记公开 OG	统一 pointer 路径并增加 target dry-run/full toy tests。
6.3	6	OGG 分组质量综合评估	IMPLEMENTED	哪些 HOG 在占有、单拷贝率、长度/domain 完整性和 unassigned 风险上可靠？	classification/membership、family protein/domain metrics、gene_structure、tree/alignment QC。	当前分类表有 copy-number/occupancy 与 interpretation flags，但没有多指标 QC dashboard 或冻结总分。	results/06_pan_family/unassigned_family_members.tsv	独立读每个 QC 指标与 PASS/WARN/FAIL 规则；不把未经验证的加权总分当生物学质量真值。	指标方向、缺失处理、阈值、版本和权重需冻结；查看 HOG size 与低质量物种的关系。	可支持多指标审计和预定义规则下的 QC flag。	不能凭主观 0–100 分排序并宣称真实可靠性。	未实现人为综合分数；质量判定必须逐指标报告	toy-6-3	analysis-6-3	HOG	HOG_ID 连接 classification/membership/structure/domain	需 pan_family 可运行且外部多表连接。	membership、presence 与 unassigned 表提供可审计证据	新增独立指标表、阈值配置、缺失策略和 sensitivity report。
6.4	6	泛基因组 OGG 类型分布饼图	IMPLEMENTED	Core/Soft-core/Shell/Cloud 各有多少目标家族 HOG，又各包含多少基因？	pan_family_classification.tsv、family_hog_membership.tsv；冻结样本集、hog_node 和分类阈值。	pan_family 自动生成按 HOG 数和基因数分别统计的汇总表与双圆环图。	results/06_pan_family/pan_family_class_summary.tsv；results/06_pan_family/pan_family_class_dual_denominator.pdf	左侧 HOG 分母回答有多少同源群，右侧 gene 分母回答这些同源群含多少成员；两个百分比不能互换，零类别不应制造饼图标签。	类别互斥且总数闭合；HOG/gene 分母分别求和；unassigned 不隐藏；检查 orthology_group_type 和阈值顺序。	可支持冻结样本与阈值下目标家族 HOG 类别和成员组成。	不能把目标家族的双分母图称为全基因组 OGG，也不能把 HOG 百分比与基因百分比混用。	分类阈值只适用于目标家族同源群；HOG 数与基因数是不同分母，不能混称为全基因组 OGG	toy-6-4	analysis-6-4	pan_family_class×count_unit	classification.HOG_ID；membership.HOG_ID/stable_id	本地 full toy run 已验证；解读前必须检查 orthology_group_type、分类范围和两个分母。	pan_family 同时输出按 HOG 数和基因数计算的四类汇总及双分母圆环图	正式报告应固定类别颜色、阈值、样本 panel，并把 unassigned 成员数写入图注或质量表。
6.5	6	泛基因组稀疏曲线	IMPLEMENTED	随纳入物种数增加，目标家族 HOG 的 union 与 intersection 如何变化？	family_presence_absence matrix；seed；rarefaction_iterations；max_exact_combinations。	parse_pan_family.py 已实现 exact combinations 或随机组合；本地 full toy run 已验证。	results/06_pan_family/pan_family_rarefaction.pdf	先看 n_species、mode/exact-vs-random、iteration 数，再读 pan_mean/core_mean 与区间；曲线只针对目标家族 HOG。	seed 固定；N 小时组合枚举；N 大时每 n 重复足够；样本加入顺序/系统发育不平衡做敏感性。	可支持冻结 panel 中目标家族 HOG 累积/核心曲线描述。	不能仅由曲线证明开放/封闭泛基因组，更不能外推未采样类群。	样本数量和抽样设计不足时不能宣称开放或封闭泛基因组	toy-6-5	analysis-6-5	n_species×iteration	presence matrix HOG_ID×species	本地 full toy run 已验证 exact-combination toy 路径；正式样本需冻结 seed 和抽样设计。	固定随机种子执行精确组合或受控重采样	增加置信区间定义、系统发育分层敏感性和真实 toy 回填。
6.6	6	各物种泛基因组类型数量分布	IMPLEMENTED	每个物种携带多少 Core/Soft-core/Shell/Cloud 目标家族基因和 HOG？	family_hog_membership.tsv、pan_family_classification.tsv 与冻结的 species panel。	pan_family 自动生成 species×pan-class 零值完整网格，分别计算 gene_count 和 hog_count。	results/06_pan_family/pan_family_species_class_summary.tsv；results/06_pan_family/pan_family_species_class_distribution.pdf	先用 gene_count 看成员拷贝量，再用 hog_count 看不同同源群数；同一 HOG 的物种内多拷贝只增加 gene_count。	stable_id 唯一；HOG 分类唯一；每物种 gene/HOG 总数闭合；缺失类别保留为 0；unassigned 另行审计。	可支持冻结 panel 中每个物种目标家族基因数与 HOG 数的类别分布。	不能把更多 Shell 基因自动解释为家族扩张、适应或经过验证的获得事件。	基因数会受同一 HOG 多拷贝影响，必须与 HOG 数分开解读	toy-6-6	analysis-6-6	species_id×pan_family_class×count_unit	membership.HOG_ID=classification.HOG_ID；stable_id 用于 gene count	pan_family 可直接生成；缺失类别由固定分类顺序补零。	pan_family 自动生成 species×pan-class 的基因数与 HOG 数零值完整汇总和数量图	正式研究应补充物种注释质量、未分配成员、总体家族大小和 HOG 节点来源。
6.7	6	各物种泛基因组类型比例分布	IMPLEMENTED	每个物种的四类目标家族组成在基因和 HOG 两种分母下各占多少？	6.6 的零值完整 counts 和明确的 gene/HOG 分母。	pan_family 在同一表中从对应 count_unit 分别计算 gene_fraction 与 hog_fraction。	results/06_pan_family/pan_family_species_class_summary.tsv；results/06_pan_family/pan_family_species_class_distribution.pdf	比例面板用于比较组成，必须与绝对数量面板一起读；gene_fraction 和 hog_fraction 分别在物种内闭合。	每物种每个分母的比例和为 1；零总数保持可解释状态；counts/fractions 一致；小分母明确提示。	可支持冻结分母下各物种目标家族类别组成的描述性比较。	不能跨物种只比较比例而忽略绝对拷贝数，也不能用高比例掩盖很小的总数。	比例只在对应物种和对应计数单位内闭合；不能用比例掩盖低总数	toy-6-7	analysis-6-7	species_id×pan_family_class×fraction_unit	由 6.6 的 gene_count/hog_count 派生	pan_family 直接生成；只对相应物种和计数单位求分母。	同一汇总表显式保存 gene_fraction 与 hog_fraction，并在图中与绝对数量并列	正式报告必须在图注中写明分母、未分配项处理和零总数策略。
6.8	6	不同类型泛基因在亚家族中分布	IMPLEMENTED	不同 subfamily 中四类目标家族的基因数、HOG 数和组成如何分布？	family_members.subfamily、family_hog_membership、pan_family_classification；冻结 subfamily 标签。	pan_family 按 stable_id 连接亚家族，生成 subfamily×pan-class 的 gene/HOG 数量与比例。	results/06_pan_family/pan_family_subfamily_class_summary.tsv；results/06_pan_family/pan_family_subfamily_class_distribution.pdf	先比较基因数与 HOG 数，再看各亚家族内部比例；同一 HOG 跨亚家族时，基因和 HOG 两种口径的含义不同。	stable_id 连接完整率；Unassigned；HOG-class 唯一；每亚家族 counts/fractions 闭合；跨亚家族 HOG 去重规则。	可支持当前成员、亚家族和 pan-class 定义下的描述性关联。	不能由分布直接证明亚家族演化速率、选择差异或某类别导致功能分化。	亚家族与 HOG 不是同一层级；跨亚家族 HOG 需按明确的去重口径解释	toy-6-8	analysis-6-8	subfamily×pan_family_class×count_unit	family_members.stable_id=membership.stable_id；HOG_ID 连接 classification	pan_family 直接生成；缺失亚家族进入 Unassigned。	pan_family 按 stable_id 连接亚家族并输出 subfamily×pan-class 的基因/HOG 双口径汇总和图	若进行正式关联检验，应按物种分层、处理 HOG 非独立性并预先定义跨亚家族 HOG 规则。
7.1	7	代表物种染色体分布	IMPLEMENTED	代表物种中目标家族基因位于哪些染色体和位置？	family_members.tsv、genome FASTA；species record 中 representative=true；chromosome.representative_only=true。	模块 chromosome。	results/07_chromosome/chromosome_distribution.pdf	先筛代表物种和 coordinate_qc=PASS，再按染色体看 midpoint、Mb 坐标和局部聚集。	代表物种选择唯一/明确；坐标不越界；染色体名称与 FASTA 一致；无效坐标比例。	可支持代表物种当前 assembly 上的家族定位。	不能由定位证明串联重复、WGD 或共线性。	仅反映注释坐标，不等同于共线性	toy-7-1	analysis-7-1	stable_id coordinate	species_id+stable_id	直接规则 chromosome_distribution 可达。	chromosome 模块支持 representatives 或全部物种定位图	可扩展可审计图例、subfamily/pan class overlay。
7.2	7	泛基因组水平下的染色体分布	IMPLEMENTED	目标家族 Core/Soft-core/Shell/Cloud 成员在各物种染色体上的分布是否不同？	chromosome_distribution、family_hog_membership、pan_family_classification；按物种分 panel。	chromosome table 可与 membership/classification 连接；pan_family 基础输出已可用，但当前没有专用联合规则或图。	results/07_chromosome/chromosome_distribution.tsv	按 stable_id/HOG_ID 加入 pan class，逐物种展示；不同物种不能共用物理坐标轴。	连接完整率；unassigned 单列；coordinate_qc；每类点数；颜色映射跨图固定。	可支持冻结 pan-class 下的按物种定位描述。	不能由某类在某染色体富集直接推断机制，不能跨物种比较 Mb 坐标。	当前图未直接编码 HOG 泛基因类型	toy-7-2	analysis-7-2	stable_id coordinate+HOG class	chromosome.stable_id=membership.stable_id；HOG_ID=classification.HOG_ID	依赖 chromosome 与 pan_family。	chromosome 表可与 pan-family class 连接	新增 join audit、facet plot、counts/density 与空类处理。
7.3	7	染色体分布统计	IMPLEMENTED	每个物种/染色体有多少目标家族基因，按染色体长度校正后密度如何？	chromosome_distribution 中有效坐标与 chromosome_length。	chromosome 模块自动按 species_id×chromosome 汇总。	results/07_chromosome/chromosome_summary.tsv	同时读 gene_count 与 gene_density_per_mb；按物种内比较更稳妥。	有效坐标分母；chromosome_length>0；计数与分布表闭合；极短 scaffold 是否混入。	可支持染色体尺度的数量与每 Mb 密度。	当前不是 density_window_bp 滑窗密度；不能称局部热点统计。	染色体长度和基因密度差异需另行归一化	toy-7-3	analysis-7-3	species×chromosome	species_id, chromosome	直接可达。	输出逐染色体目标家族计数汇总	如需滑窗，必须实现 window index、可评估区域分母和多重检验。
8.1	8	物种复制类型饼图	IMPLEMENTED	每个物种内部不同 duplication_mode 的数量和比例是多少？	duplication_mode.tsv；可靠的 DupGen_finder/precomputed 证据、外群和目标家族成员元数据。	duplication 输出全样本计数，并在分层汇总中生成 species×mode 数量和比例。	results/08_duplication/duplication_stratified_summary.tsv；results/08_duplication/duplication_stratified_distributions.pdf	先看每物种的总基因数与 mode count，再看比例；饼图只显示非零类别，完整零类别仍保留在表中。	每个 stable_id 唯一 mode；每物种 count/fraction 闭合；Unknown/Unassigned 不隐藏；检查外群和后端证据。	可支持冻结复制分类规则下各物种目标家族复制模式的组成描述。	不能把复制分类或候选 pair 当作 MCScanX/WGDI 的全基因组共线块，也不能单凭比例推断机制。	结果依赖 DupGen_finder 输入、外群和注释质量；饼图只适合非零类别且必须声明分母	toy-8-1	analysis-8-1	species_id×duplication_mode	duplication_mode.species_id/duplication_mode/stable_id	本地 toy 以 precomputed fixture 验证工程路径；真实分析需可靠 DupGen_finder、外群和注释证据。	duplication 模块同时输出全样本计数和 species×mode 数量/比例汇总图	正式研究应并列分类来源、未分类率、外群版本和注释质量。
8.2	8	物种复制类型综合分布	IMPLEMENTED	不同物种的 duplication_mode 数量和物种内比例如何并列比较？	duplication_mode.tsv、冻结的 species panel 和完整的 mode 分类集合。	duplication 自动构造 species×mode 的零值完整 count/fraction 矩阵并绘制并列图。	results/08_duplication/duplication_stratified_summary.tsv；results/08_duplication/duplication_stratified_distributions.pdf	数量面板看拷贝规模，比例面板看组成；按固定 mode 顺序和颜色比较，不能跳过 Unknown。	每个物种 counts/fractions 闭合；零类别保留；注释质量、外群和未分类率并列；图表数值一致。	可支持当前 panel 内跨物种复制模式的描述性差异。	不能在未控制外群、组装、注释和物种关系时把差异归因于谱系生物学。	跨物种差异仍可能由外群、组装和注释质量造成，当前为描述性汇总	toy-8-2	analysis-8-2	species_id×duplication_mode	species_id, stable_id, duplication_mode	duplication 可直接生成；正式数据质量由后端与输入证据决定。	duplication 自动构造 species×mode 零值完整的 count/fraction 矩阵并绘图	正式统计需预定义对比、控制物种关系与质量协变量，并报告效应量而非只看颜色。
8.3	8	亚家族复制类型综合分布	IMPLEMENTED	不同 subfamily 的复制来源数量和组成是否不同？	duplication_mode.tsv 与 family_members 中唯一的 stable_id、subfamily。	duplication 按 stable_id 连接亚家族，输出 subfamily×mode 零值完整的 count/fraction 汇总与图。	results/08_duplication/duplication_stratified_summary.tsv；results/08_duplication/duplication_stratified_distributions.pdf	先看每个亚家族总基因数，再比较数量和比例；小亚家族或 Unassigned 占比高时只作描述。	stable_id 一对一连接；subfamily 缺失单列；counts/fractions 闭合；每基因唯一 mode；物种组成检查。	可支持当前亚家族定义下复制模式组成的描述性关联。	不能由关联直接证明某种复制方式造成亚家族功能，也不能忽略亚家族的物种组成。	需要冻结亚家族赋值并检查 Unassigned；未自动执行物种分层的关联检验	toy-8-3	analysis-8-3	subfamily×duplication_mode	duplication.stable_id=family_members.stable_id	duplication 直接生成；缺失亚家族进入 Unassigned。	duplication 按 stable_id 连接 subfamily，输出 subfamily×mode 数量/比例和连接后的工作簿证据	正式检验需按物种分层或建模，报告列联效应量、多重校正和敏感性分析。
8.4	8	泛基因组复制类型分布	IMPLEMENTED	Core/Soft-core/Shell/Cloud 目标家族基因的复制模式数量和组成如何？	duplication_mode、family_hog_membership、pan_family_classification；明确当前按基因计数。	duplication 以 stable_id→HOG_ID→pan_family_class 连接，生成 pan-class×mode count/fraction 汇总与图。	results/08_duplication/duplication_stratified_summary.tsv；results/08_duplication/duplication_stratified_distributions.pdf	先读每个 pan-class 的基因总数，再比较 mode 组成；同一 HOG 多拷贝会增加基因层权重。	stable_id/HOG_ID 连接覆盖率；Unassigned；mode/class 唯一；counts/fractions 闭合；物种组成。	可支持目标家族基因层面的复制模式与 pan-class 描述性关联。	不能证明复制方式导致 Core/Cloud 状态，也不能把基因分母误称为 HOG 分母。	当前按基因计数且是描述性关联，不能证明复制方式导致 pan-class 状态	toy-8-4	analysis-8-4	pan_family_class×duplication_mode（gene level）	duplication.stable_id=membership.stable_id；HOG_ID=classification.HOG_ID	依赖 family、pan_family 和 duplication 的唯一连接键。	duplication 连接 pan-family membership/classification，输出 pan-class×mode 数量/比例和图	后续可增加 HOG-level sensitivity、物种分层列联检验、效应量和多重校正。
8.5	8	不同复制类型基因结构差异	IMPLEMENTED	不同 duplication_mode 的基因结构指标在物种层面是否存在差异，方向和效应量如何？	duplication_mode.tsv；gene_structure_metrics.tsv；唯一 stable_id；预定义复制类型、metrics、min_group_units 和 alpha。	duplication 按 stable_id 一对一连接两表，以 species_id×duplication_mode 中位数为推断单位，执行 Kruskal-Wallis、条件性 Mann-Whitney U、BH-FDR、效应量和图件输出。	results/08_duplication/duplication_structure_global_tests.tsv；results/08_duplication/duplication_structure_pairwise_tests.tsv	先检查每种 mode 的 n_genes、n_species、连接完整性和 test_status；推断未暂停时再联合读取 p_adjusted_bh、中位数差与 rank_biserial_effect。	stable_id 一对一；mode 唯一；结构 QC；每组物种单元数；WGD/SSD 口径；物种和亚家族混杂；FDR；图表警告一致。	可支持当前复制类型合同、结构指标和物种中位数推断单位下的结构差异关联。	不能把结构差异解释为复制机制直接因果，也不能用目标家族复制 pair 替代全基因组共线块。	需要可靠且唯一的复制类型、足够物种重复和明确的类型口径；相关差异不能解释为复制机制直接因果	toy-8-5	analysis-8-5	species_id×duplication_mode×metric 中位数	stable_id 一对一连接	duplication 与 gene_structure 都完成，且至少两个复制类型各达到 min_group_units；否则输出描述结果与暂停推断状态。	duplication 按 stable_id 一对一连接结构指标，并以物种×复制类型中位数执行整体/两两非参数检验、BH-FDR、效应量和 QC	正式研究应冻结 WGD/SSD 分类规则，控制物种和亚家族混杂，并用替代分类或层级模型做敏感性分析。
8.6	8	物种共线性分析（Circos）	CONDITIONALLY_AVAILABLE	目标家族基因是否锚定于可靠的全基因组共线块，块在染色体间如何连接？	全基因组蛋白相似性、GFF/bed、MCScanX/WGDI/JCVI blocks/anchors、染色体长度；目标家族 overlay。	模块 duplication；设置 synteny.enabled=true，选择 jcvi 或 precomputed backend 并登记 species pairs。	results/08_duplication/synteny_anchors.tsv；results/08_duplication/synteny_blocks_intra.tsv；results/08_duplication/synteny_blocks_inter.tsv；results/08_duplication/Fig17_representative_intragenome_circos.pdf；results/08_duplication/Fig21_inter_species_pairwise_synteny.pdf；results/08_duplication/Fig22_inter_species_synteny_overview.pdf	只有在 block/anchor 文件、背景线和目标家族高亮均可追溯时才能读 Circos；先看 block 质量再看目标 gene。	全基因组 anchors；block size/score；重复匹配；assembly level；背景与高亮分层。	当前仅能说明需要何种外部证据。	不能声称已经完成共线性/Circos，不能从定位图或 duplication pair 推断共线块。	仅在 synteny.enabled=true 且全基因组坐标、蛋白与成块证据通过审计时运行；相似命中或 duplication pair 不能替代共线块	toy-8-6	analysis-8-6	synteny block/anchor	gene IDs/coordinates across genomes	仅接受保持基因顺序且达到最小锚点数的块；每个 species pair 独立失败或通过。	synteny 可选子路径按 species pair 独立审计 JCVI 或预计算的有序多锚点块，并生成染色体内、物种间和总览图	真实全基因组运行需冻结组装/注释版本、JCVI 参数、染色体布局和 anchor/block provenance。
9.1	9	OGG Ka/Ks 分析	IMPLEMENTED	目标家族 HOG 内受约束直系同源 pair 的 Ka、Ks、Ka/Ks 分布如何？	带 orthology_group_type 的 family_hog_membership.tsv、family protein/CDS；可来自明确 HOG，也可来自被显式标记的 OG fallback。	模块 kaks 的 orthology route；输出是受 QC 约束的 pairwise Ka/Ks，不是整组单值。	results/09_kaks/kaks_pairs.tsv	按 HOG_ID(group_id) 先统计有效/失败 pair 数，再读 Ka/Ks；同一 HOG 多 pair 不是独立重复。	reference species 在 HOG 中单拷贝；其他物种单拷贝；QC flags；HOG 内 pair 数；FDR。	可支持受约束 HOG ortholog pair 的替换率。	不能对多拷贝 HOG 做无约束全 pair，也不能据单 pair 证明正选择。	成对 Ka/Ks 是配对层级证据，不是整组 OGG 的单一参数；需同时报告 HOG/OG 类型	toy-9-1	analysis-9-1	ortholog pair	membership.HOG_ID/group_id	本地 toy 的两个 OG 各产生一个跨物种单拷贝 pair；极短 fixture 数值不得作生物学解释。	kaks 模块可从带类型标记的 orthology membership 选择同源配对并执行 codon-aware 计算	增加 HOG-level summary、cluster-robust statistics、codeml candidates。
9.2	9	物种 OGG Ka/Ks 分析	IMPLEMENTED	参考物种与各物种之间目标 HOG pair 的替换率是否不同？	9.1 pair table；species_id_1/2；比较距离相近的物种/物种对。	外部从 kaks_pairs 按 species pair 汇总；当前无专用输出。	results/09_kaks/kaks_pairs.tsv	先看每 species pair 的 HOG 数与 Ks 范围，再比较；系统发育距离悬殊的 pair 不直接并列解释。	有效 pair 数；HOG composition；Ks saturation；物种距离；同一 HOG 重复。	可支持给定物种对的描述性替换率差异。	不能将未经校正的跨距离 Ka/Ks 差异直接归因于选择。	需明确物种内或物种间配对口径并控制伪重复	toy-9-2	analysis-9-2	species pair×HOG	species_id_1, species_id_2, group_id	kaks orthology route 后处理。	kaks_pairs.tsv 保留物种和 HOG 配对信息	增加 species-pair summary、distance strata、mixed model。
9.3	9	复制类型 Ka/Ks 分析	IMPLEMENTED	可计算的 duplication pair 的 Ka、Ks、Ka/Ks 在不同复制类型中呈现什么分布？	duplication_pairs.tsv、family protein/CDS；kaks.pair_source=duplication 或 both；有效的 codon-aware 对齐。	kaks 为每个 pair 添加 duplication_mode_stratum，并输出 Ka、Ks、Ka_Ks 的 n、四分位数、范围和分层图。	results/09_kaks/kaks_pairs.tsv；results/09_kaks/kaks_stratified_summary.tsv；results/09_kaks/kaks_stratified_distributions.pdf	先筛 qc_status，再看每层有效 pair 数、median/IQR 和范围；Mixed/Unassigned 不得并入某个模式。	partner pair 存在；CDS 可对齐；Ks=0、饱和与失败状态；同一基因参与多个 pair；每层 n。	可支持当前可计算 duplication pair 在不同模式下的描述性替换率分布。	不能覆盖没有 partner 的基因，不能把非独立 pair 当生物学重复，也不能用单个 Ka/Ks>1 证明正选择。	仅在存在可计算 duplication pair 时有值；同一基因可参与多个 pair，当前统计明确为非独立配对的描述性汇总	toy-9-3	analysis-9-3	duplication pair×duplication_mode_stratum	stable_id_1/2；pair_type；duplication mode endpoint metadata	duplication_pairs 有记录且 CDS/QC 可通过时可用；无有效 pair 时表与图保留明确状态。	kaks 自动给配对添加 duplication-mode 归属并输出 Ka、Ks、Ka/Ks 的 n、四分位数和范围	正式组间推断需预定义独立单元、聚类/网络依赖处理、饱和过滤和多重校正。
9.4	9	WGD 与 SSD 复制类型的选择压力比较	IMPLEMENTED	WGD pair 与 small-scale duplication pair 的 Ka/Ks 是否不同？	9.3 pair table；冻结 SSD=TD+PD+TRD+DSD 或其他定义；有效 QC pair。	外部映射 pair_type 到 WGD/SSD 后检验；当前无专用规则。	results/09_kaks/kaks_pairs.tsv	先看各组成 mode 的单独分布，再看聚合 SSD；避免聚合掩盖异质性。	SSD mapping；各 mode n；Ks range；物种/亚家族混杂；pair 依赖；FDR。	可支持预定义 WGD vs SSD 口径下的统计比较。	不能把差异直接称为选择机制或复制后命运。	当前未自动执行组间检验、效应量或多重校正	toy-9-4	analysis-9-4	duplication pair group	pair_type→mode→WGD/SSD	kaks duplication route 后处理。	kaks_pairs.tsv 与 duplication_mode 可形成比较数据	增加显式 SSD config、mode-level sensitivity、mixed model。
9.5	9	基因家族的 Ks 分析	IMPLEMENTED	每个受约束 pair 的 Ks 是多少，哪些可能饱和或为零？	任一有效 orthology/duplication pair 和 CDS。	kaks 模块直接计算 Ks 并设置 saturation_ks flag。	results/09_kaks/kaks_pairs.tsv	先画/看全部 Ks 与 QC，再定义可解释窗口；保留原始结果而不是硬删除。	KS_ZERO、POTENTIAL_SATURATION、FAILED、非有限比值；不同 pair_type 的距离。	可支持 pairwise Ks 的描述和潜在饱和标记。	不能无替换率校准与谱系模型把 Ks 直接换成绝对年代。	Ks 饱和、旁系同源选择和 WGD 峰解释需专门模型	toy-9-5	analysis-9-5	pair	pair_id	存在 pair 时直接可运行。	逐配对 Ks 与 saturation QC 已输出	增加 Ks-only distribution、sensitivity cutoffs、rate calibration metadata。
9.6	9	亚家族 Ks 分布	IMPLEMENTED	同亚家族、跨亚家族和标签缺失的 pair，其 Ks 与 Ka/Ka_Ks 描述分布如何？	kaks pair 及两端 stable_id 对应的 family_members.subfamily；有效的 codon-aware 结果。	kaks 自动连接两端 subfamily，生成同名亚家族、Mixed、Unassigned 分层及描述性图表。	results/09_kaks/kaks_pairs.tsv；results/09_kaks/kaks_stratified_summary.tsv；results/09_kaks/kaks_stratified_distributions.pdf	同亚家族 pair 与 Mixed 必须分开；先看有效 pair 数和 Ks 饱和状态，再看中位数与四分位数。	两端标签；stable_id 唯一；pair 分类冲突；物种/模式混杂；非独立 pair；Ks=0 和 POTENTIAL_SATURATION。	可支持定义明确的 pair 亚家族层级描述性替换率比较。	不能将 Ks 差异直接解释为亚家族起源时间，也不能把描述性分层称为显著差异。	配对非独立且跨亚家族归为 Mixed；当前没有组间显著性检验或系统发育校正	toy-9-6	analysis-9-6	pair×subfamily_stratum	stable_id_1/2 ↔ family_members.stable_id	kaks 有有效 pair 且亚家族元数据可连接时可用；缺失进入 Unassigned。	kaks 自动连接配对两端亚家族，区分同亚家族、Mixed 与 Unassigned，并输出描述性分层图表	正式检验需预定义独立性单位、pair 采样策略、物种/系统发育控制、饱和窗口和 FDR。
9.7	9	群体 Ka、Ks、Ka/Ks 比较	IMPLEMENTED	同群体、跨群体和群体标签缺失的 pair，其 Ka、Ks 与 Ka/Ks 分布如何？	有效 kaks pair；family_members 中两端 stable_id 对应的 group；冻结群体定义。	kaks 自动生成 group_stratum，区分同群体、Mixed、Unassigned，并输出描述性分层表和图。	results/09_kaks/kaks_pairs.tsv；results/09_kaks/kaks_stratified_summary.tsv；results/09_kaks/kaks_stratified_distributions.pdf	先看每个群体层的有效 pair 数和 QC，再读 median/IQR；跨群体 pair 只能读作 Mixed，不能重复归入两组。	group 缺失；两端标签冲突；同一基因重复参与；物种距离；Ks 饱和；每层 n 与分布范围。	可支持当前群体定义和可计算 pair 的描述性替换率比较。	不能把非独立 pair 当群体生物学重复，也不能据描述差异声称驯化、适应或选择效应。	需要可靠 group 元数据和足够有效 pair；当前为非独立配对的描述性统计，不提供群体效应检验	toy-9-7	analysis-9-7	pair×group_stratum	stable_id_1/2 ↔ family_members.group	kaks 有有效 pair 且 group 可连接时有条件可用。	kaks 自动连接配对两端 group，区分同群体、Mixed 与 Unassigned，并输出描述性分层图表	正式比较需物种/系统发育控制、独立单元合同、预定义 contrasts、效应量和多重校正。
9.8	9	亚家族×群体 Ka、Ks、Ka/Ks 比较	IMPLEMENTED	在同一亚家族内不同群体的 pairwise Ka、Ks、Ka/Ks 是否存在可重复差异？	两端完整的 subfamily/group 元数据、有效 pair、物种关系和预定义的独立性单位。	模块 kaks；二维 subfamily×group 汇总与 cluster-level inference 随规范 Ka/Ks 路径生成。	results/09_kaks/kaks_by_subfamily_group.tsv；results/09_kaks/kaks_cluster_inference_tests.tsv；results/09_kaks/Fig06_kaks_by_subfamily_group.pdf	未来应在每个亚家族内比较群体，并明确 Mixed pair、每组独立物种数和多重检验范围；不能直接把两张分层图拼成交互结论。	二维单元样本量；pair 网络依赖；同一基因重复；物种/系统发育混杂；Ks 饱和；交互检验和 FDR。	当前只能说明该问题已被正式列入范围并定义了最低输入与质量控制。	不能从现有单因素分层图推出亚家族×群体交互，也不能声称显著群体效应。	同一基因参与的 raw pair 不独立；正式推断使用注册 cluster 单位，物种与系统发育混杂仍需在研究设计中控制	toy-9-8	analysis-9-8	独立物种单元内的 subfamily×group pair stratum	stable_id_1/2→subfamily/group；species_id	至少需要可计算 pair、完整二维归属和每个比较组足够的独立 cluster 单位；不足时保留 QC 而不伪造 P 值。	kaks 同时生成 subfamily×group 二维配对层、cluster 中位数独立单位、整体/两两检验、效应量、BH-FDR 和 Fig06	正式研究可追加物种/系统发育混合模型，但不得把 raw pair 数当独立重复数。
9.9	9	泛基因类型 Ka、Ks、Ka/Ks 比较	IMPLEMENTED	同一 pan-class、跨类别和未分配 pair 的 Ka、Ks、Ka/Ks 分布如何？	有效 kaks pair、family_hog_membership、pan_family_classification 与冻结分类阈值。	kaks 连接两端 HOG/pan-class，生成同类、Mixed、Unassigned 分层及描述性表图。	results/09_kaks/kaks_pairs.tsv；results/09_kaks/kaks_stratified_summary.tsv；results/09_kaks/kaks_stratified_distributions.pdf	先检查两端类别和 pair QC，再看每层 n、median/IQR；Mixed 不是新的 pan-family 生物学类别。	HOG/class 连接率；两端冲突；pair 非独立；物种/复制模式混杂；Ks=0；POTENTIAL_SATURATION。	可支持当前分类规则下可计算 pair 的 pan-class 描述性替换率分布。	不能把描述性差异称为类别间显著选择差异，也不能由 pan-class 推断复制时间或因果机制。	仅能比较已成功归类和计算的 pair；当前无独立性校正、正式组间检验或因果解释	toy-9-9	analysis-9-9	pair×pan_class_stratum	stable_id endpoints→HOG_ID→pan_family_class	kaks、pan_family 和有效连接均满足时有条件可用。	kaks 自动连接两端 HOG 的 pan-class，区分同类、Mixed 与 Unassigned，并输出描述性分层图表	正式推断需冻结 pair 采样、物种层独立单元、混杂控制、效应量、饱和过滤和 FDR。
10.1	10	启动子四大类分布饼图	IMPLEMENTED	所有目标家族 promoter motif hits 在四个主类别中的组成是什么？	promoter_elements、人工审查的 category_map（element→major_class）；定义 denominator=motif hits。	promoter 模块已生成 major-class canonical 柱状图；模板要求的饼图仍未实现。	results/10_promoter/promoter_element_class_counts.pdf	先看 Unclassified 和总 hit 数，再看四类；饼图百分比必须基于同一数据库/阈值下的 hit denominator。	category_map 唯一；类别闭合；Unclassified 比例；promoter 数/长度差异；图型不能错报。	可支持指定分类映射下 motif hit 主类别组成。	不能称已生成饼图，不能由类别比例推断调控强度。	四大类依赖 category_map；当前图型不是固定饼图	toy-10-1	analysis-10-1	motif hit major_class	element→category_map.major_class	promoter I/O 已实跑通过；若需要饼图，必须从同一分类表按明确分母另行绘制。	promoter 模块输出 major_class 命中与类别计数图	新增带分母标注的 pie 输出；同时保留 canonical 柱状图和数表。
10.2	10	启动子主类别分布	IMPLEMENTED	各 major_class 的 hit 数及其在基因间的分布如何？	promoter_elements 中 stable_id、major_class。	promoter 模块已发布 promoter_elements_per_gene.tsv；专用主类别分布图仍需后处理。	results/10_promoter/promoter_elements_per_gene.tsv	先看每基因 class counts 和含该类 motif 的基因比例，避免只看总 hit。	每 promoter length；重复 motif hit；Unclassified；每基因和总量两个分母。	可支持主类别在目标基因间的描述性分布。	不能把某类 hit 多解释为该信号通路被激活。	必须报告 motif 数据库、阈值和重复命中处理	toy-10-2	analysis-10-2	stable_id×major_class	stable_id	当前 rule outputs 已对齐；本条目的专用汇总仍需后处理。	per-gene major_class 计数为主类别汇总基础	增加按基因覆盖率、每 kb 命中率和 Unclassified 比例的专用汇总与图。
10.3	10	启动子元件子类别统计	IMPLEMENTED	具体 element/subclass 的 hit 数、基因覆盖率和排名是什么？	promoter_elements + category_map.subclass。	promoter 模块已发布逐命中明细与 element summary；gene prevalence 尚无专用结果。	results/10_promoter/promoter_elements.tsv	同时看 total hits、genes_with_hit、hits_per_gene；长 motif/重复序列需谨慎。	subclass 缺失；element naming/version；多重命中；promoter length normalization。	可支持指定 motif 数据库下元件命中统计。	不能把数据库名称自动翻译成已验证生物功能。	subclass 依赖外部类别映射的完整性	toy-10-3	analysis-10-3	element/subclass	element	基础 outputs 已实跑通过；仍需补 unique-gene prevalence 与长度归一化。	逐 element 与 subclass 命中保存在明细表	增加 unique promoter count、rate per kb、database provenance。
10.4	10	亚家族 × 物种启动子元件分布	IMPLEMENTED	每个物种内不同亚家族的启动子元件组成有什么差异？	promoter hits、family_members 中非缺失的 species_id/subfamily、每个基因的 promoter_length。	运行 promoter 模块后自动构建 species×subfamily×element 的零值完整网格，并计算 raw、每基因和每 kb 指标。	results/10_promoter/promoter_element_distributions.tsv	先核对每个 cell 的 n_genes 和 total_promoter_bp，再比较 hits_per_kb；0 是完整网格中的真零，NA 表示分母不可用。	stable_id 闭合；subfamily 缺失排除数；完整网格行数；零启动子长度；小样本单元。	可描述当前物种×亚家族单元的 motif 命中模式和分母校正差异。	不能把小样本颜色差异直接称为显著富集或调控机制。	需要完整 subfamily 元数据；极小单元只能作描述，不能据颜色宣称富集	toy-10-4	analysis-10-4	species×subfamily×element	promoter.stable_id=family_members.stable_id	promoter 模块；缺失 subfamily 的基因被显式排除并写入 QC。	promoter 模块按 species_id×subfamily×element 自动生成零值完整网格、基因数和启动子长度分母	正式数据需保证亚家族定义冻结，并对极小单元另行进行不确定性评估。
10.5	10	亚家族 × 物种启动子元件分布（Scale 标准化）	IMPLEMENTED	消除不同元件绝对丰度尺度后，物种×亚家族的相对 motif 模式如何？	10.4 的完整网格和 hits_per_kb；至少两个具有有效分母的 cell。	对每个 element 跨 species×subfamily cell 计算总体 z-score（ddof=0），并输出状态、raw/rate/n 和热图。	results/10_promoter/promoter_species_subfamily_zscore_heatmap.pdf	z>0 只表示该元件在此 cell 的每 kb 命中率高于跨 cell 均值；必须回看原始命中、分母和状态。	检查 zscore_axis、zscore_ddof、rate_zscore_status、零方差、缺失分母和单 cell 状态。	可用于发现相对模式和生成后续验证假设。	不能把高 z-score 解释为显著富集、绝对丰度更高或因果调控。	需要完整 subfamily 元数据；z-score 只表示相对模式，不是显著富集或绝对丰度	toy-10-5	analysis-10-5	species×subfamily×element z-score	由同表的 hits_per_kb 按 element 派生	需要至少两个有效 cell；零方差写为 0 和 ZERO_VARIANCE，缺失分母保留 NA。	对每个元件跨 species×subfamily 单元执行固定 ddof=0 的每 kb 命中率 z-score，并保留零方差和缺失分母状态	显著性问题仍需预先设计的置换、混合模型或多重检验，不由热图回答。
10.6	10	亚家族启动子元件分布	IMPLEMENTED	聚合物种后，各亚家族的启动子元件组成是什么？	promoter hits、冻结的 subfamily、每个基因的 promoter_length。	promoter 模块自动按 subfamily×element 聚合并输出 raw、genes_with_hit、n_genes、total_promoter_bp、hits_per_gene 和 hits_per_kb。	results/10_promoter/promoter_element_distributions.tsv	同时阅读 total hits、hits_per_gene、hits_per_kb 和 n_genes，避免样本最多的物种主导解释。	核对 subfamily 缺失排除数、每个亚家族的基因/物种组成、启动子长度和零网格。	可描述当前亚家族定义下的 motif 构成和分母校正模式。	不能把聚合差异归因于亚家族本身而忽略物种组成。	需要冻结且非缺失的亚家族赋值；聚合仍受物种组成影响	toy-10-6	analysis-10-6	subfamily×element	stable_id→subfamily	promoter 模块；无可用亚家族时输出 QC=NO_ELIGIBLE_GENES，不伪造矩阵。	promoter 模块按 subfamily×element 自动输出原始命中、每基因和每 kb 分母校正值	物种平衡效应和统计不确定性仍需正式数据模型处理。
10.7	10	亚家族启动子元件分布（Scale 标准化）	IMPLEMENTED	不同亚家族的相对 motif profile 如何？	10.6 的 hits_per_kb 和至少两个有效亚家族 cell。	对每个 element 跨 subfamily cell 计算总体 z-score（ddof=0），输出热图和逐单元 QC 状态。	results/10_promoter/promoter_subfamily_zscore_heatmap.pdf	先看 raw/rate/n，再看色阶；低丰度元件的高 z-score 必须单独核对。	检查 ZERO_VARIANCE、INSUFFICIENT_CELLS、MISSING_DENOMINATOR、scale axis 和 raw 对应关系。	可用于探索亚家族相对 motif 模式。	不能把热图聚类当系统发育、功能分类或显著富集证明。	需要亚家族元数据；标准化聚类不能当作系统发育或功能分类证明	toy-10-7	analysis-10-7	subfamily×element z-score	由同表的 hits_per_kb 按 element 派生	需要至少两个有效亚家族 cell；边界状态必须保留。	对每个元件跨 subfamily 单元执行固定 ddof=0 的每 kb 命中率 z-score，并输出热图与 QC 状态	正式推断需控制物种组成并建立独立统计模型。
10.8	10	物种启动子元件分布	IMPLEMENTED	每个物种的目标家族启动子元件组成是什么？	promoter hits、必有的 species_id、每个基因的 promoter_length。	promoter 模块自动构建 species×element 零值完整网格，并计算 raw、每基因和每 kb 指标。	results/10_promoter/promoter_element_distributions.tsv	先比较 n_genes、total_promoter_bp 和 hits_per_kb，再回看 total hits；0 与缺失分母分开解释。	物种列完整；stable_id 闭合；完整网格；启动子长度；motif 数据库和阈值一致。	可描述当前输入和统一 motif 合同下的物种级启动子元件模式。	不能把 raw count 大或高 rate 直接解释为调控更复杂、适应性或显著富集。	不同物种的组装、注释和 motif 可检测性仍会影响比较，原始计数不可直接解释为调控复杂度	toy-10-8	analysis-10-8	species×element	promoter.species_id	promoter 模块直接输出；species_id 来自规范化坐标。	promoter 模块按 species_id×element 自动输出零值完整网格、原始命中、基因数、总启动子长度、每基因和每 kb 命中率	真实跨物种结论仍需一致注释、统一 motif 数据库和质量敏感性分析。
10.9	10	物种启动子元件分布（Scale 标准化）	IMPLEMENTED	各物种的相对 motif profile 如何？	10.8 的 hits_per_kb 和至少两个有效物种 cell。	对每个 element 跨物种计算总体 z-score（ddof=0），输出状态、raw/rate/n 和热图。	results/10_promoter/promoter_species_zscore_heatmap.pdf	z-score 只显示该 element 跨物种的相对高低；必须与原始命中、分母和数据质量一起阅读。	检查零方差、单物种、缺失分母、对称色阶、zscore_axis 和 ddof。	可用于统一合同下的物种相对 motif 模式探索。	不能把热图聚类等同物种树、显著富集或调控保守性证明。	z-score 只用于相对模式展示，不能解释为显著富集、物种树或调控保守性证明	toy-10-9	analysis-10-9	species×element z-score	由同表的 hits_per_kb 按 element 派生	至少两个有效物种 cell；零方差和缺失分母不静默填充为信号。	对每个元件跨物种执行固定 ddof=0 的每 kb 命中率 z-score，显式标记零方差、单单元和缺失分母	显著性和系统发育相关性需独立模型，不由标准化热图回答。
10.10	10	群体启动子元件分布	IMPLEMENTED	预先定义群体之间的目标家族启动子元件组成有什么差异？	promoter hits、family_members 中非缺失的 group、每个基因的 promoter_length。	promoter 模块按 group×element 自动连接并输出原始命中、n_genes、总启动子长度、每基因和每 kb 命中率。	results/10_promoter/promoter_element_distributions.tsv	先看每群体 n_genes、物种组成和 hits_per_kb，再看 total hits。	group 缺失排除数；群体大小；物种组成；启动子长度；完整零网格。	可描述当前冻结群体定义下的 motif 模式。	不能直接归因于驯化、生态适应、群体选择或调控因果。	需要冻结 group 元数据；群体组成和物种系统发育仍是混杂因素	toy-10-10	analysis-10-10	group×element	promoter.stable_id=family_members.stable_id→group	promoter 模块；无可用 group 时输出 QC=NO_ELIGIBLE_GENES。	promoter 模块按 group×element 自动连接 family group 元数据并输出原始与分母校正汇总	正式比较需要物种层平衡、系统发育或混合模型以及多重检验。
10.11	10	群体启动子元件分布（Scale 标准化）	IMPLEMENTED	群体间相对 motif profile 如何？	10.10 的 hits_per_kb 和至少两个有效 group cell。	对每个 element 跨 group cell 计算总体 z-score（ddof=0），输出热图、raw/rate/n 和状态。	results/10_promoter/promoter_group_zscore_heatmap.pdf	只把颜色当相对模式；必须回看群体大小、raw、rate 和 QC 状态。	检查小群体、零方差、缺失分母、scale axis、raw 对应和群体物种构成。	可用于探索当前群体定义下的相对 motif profile。	不能将聚类当群体历史、显著富集、适应性或因果证据。	需要 group 元数据和足够单元；标准化颜色不能当作群体历史、因果或显著富集	toy-10-11	analysis-10-11	group×element z-score	由同表的 hits_per_kb 按 element 派生	至少两个有效 group cell；边界状态必须保留。	对每个元件跨 group 单元执行固定 ddof=0 的每 kb 命中率 z-score，并保留 raw/rate/n 与 QC 状态	显著性和群体历史问题需独立统计设计。
10.12	10	OGG 水平启动子分布	IMPLEMENTED	同一目标家族 HOG 内不同物种拷贝的 motif 构成是否保守？	promoter hits + family_hog_membership；pan_family 可运行。	模块 promoter；pdf_md_complete 路径自动依赖 pan_family 并生成 HOG 层汇总。	results/10_promoter/promoter_by_hog.tsv；results/10_promoter/promoter_by_hog.xlsx；results/10_promoter/promoter_by_hog.pdf；results/10_promoter/promoter_by_hog_qc.tsv	先看 HOG occupancy/copy number，再看 motif presence frequency；多拷贝 HOG 应按 species 权重敏感性。	HOG node；unassigned；copy number；promoter availability；species-balanced denominator。	可支持指定 HOG 内 motif 模式描述。	不能把 HOG 内 motif 相似直接称调控保守或 TF binding 保守。	HOG 层 motif 命中率是描述性证据，不等于富集、真实 TF 结合或因果调控；Unassigned 基因必须保留	toy-10-12	analysis-10-12	HOG×element	promoter.stable_id=membership.stable_id	HOG membership 与 promoter stable_id 必须一对一；未分配成员进入 Unassigned 而不是被删除。	pdf_md_complete 路径把 promoter hit 与目标家族 HOG membership 一对一连接，输出完整零值网格、基因数、启动子长度分母、每基因与每 kb 命中率及 QC	如需富集检验，须另行预注册背景集合、独立单位和多重校正；本表不自动声称富集。
10.13	10	代表物种启动子元件分布	IMPLEMENTED	代表物种内各目标基因的 motif 组成是什么？	promoter hits；代表物种列表；stable_id。	模块 promoter；按代表物种和 subfamily 使用确定性规则选择代表基因，并随 Fig28 源表输出 selection_reason。	results/10_promoter/representative_gene_element_matrix.tsv；results/10_promoter/Fig28_representative_gene_top_elements.pdf；results/10_promoter/Fig28_representative_gene_top_elements.png	先看每基因 promoter_qc/length，再看命中数；按 gene 分层而不是全样本聚合。	代表物种冻结；gene count；top element 筛选；长 promoter/重叠。	可支持代表物种内个体基因 motif 描述。	不能以代表物种代替全 panel。	代表基因由预注册规则选择，只用于展示；Top-N 是显示过滤，不代表元件或基因的生物学重要性排序	toy-10-13	analysis-10-13	representative species gene×element	species_id, stable_id	代表物种、subfamily 和 stable_id 必须可解析；并列时按 stable_id 确定，不能人工挑选漂亮结果。	promoter 规则按冻结的代表物种与 subfamily 分组确定性选择代表基因，输出选择原因、完整 gene×element 源表和 Fig28	正式数据需在报告中说明代表物种选择理由，并同时提供全体基因源表。
10.14	10	启动子元件分布（仅展示数量最多的元件）	IMPLEMENTED	总命中数最高的前 N 个 element 是哪些，其分布如何？	promoter hits；promoter.top_n_elements；明确 rank_by。	promoter 模块按 top_n_elements 生成最高频元件图；rule/script outputs 已统一。	results/10_promoter/promoter_top_elements.pdf	先看完整 ranking 表和 N，再看 top 图；Top-N 是展示筛选，不是显著性或富集。	rank_by 固定；ties；Unclassified；完整表保留；图与 table 对应。	可支持在当前命中表中的 Top-N 排名。	不能把 Top-N 称特异调控元件或显著富集。	Top-N 是展示过滤，不代表生物学重要性排序	toy-10-14	analysis-10-14	element rank	element	本地 full toy run 已生成 promoter_top_elements.pdf/png；Top-N 仅为展示筛选。	按 top_n_elements 输出最高频元件图	声明 top_plot outputs 与 cis_element_rank.tsv，测试 ties/空表。
10.15	10	群体×亚家族启动子元件分布	IMPLEMENTED	不同群体内各亚家族的顺式元件命中数量、长度校正率和相对模式如何？	promoter hits；family_members 中完整的 group/subfamily；promoter length；element 分类和 top_n 设置。	promoter 自动构造 group×subfamily×element 零值完整网格，计算 raw、per_gene、per_kb 与 per-element z-score。	results/10_promoter/promoter_element_distributions.tsv；results/10_promoter/promoter_group_subfamily_zscore_heatmap.pdf	先看每个二维单元的基因数和总启动子长度，再比较 raw/per-gene/per-kb；z-score 只表示同一元件跨单元的相对高低。	group/subfamily 缺失；零值网格闭合；promoter length 分母；z-score 零方差；小单元；图与工作簿一致。	可支持当前 motif 数据库、阈值和成员元数据下的二维描述性命中模式。	不能把 motif hit 当作 TF 结合、显著富集或调控因果，也不能用颜色忽略小样本和群体组成。	需要完整 group 与 subfamily 元数据；颜色表示相对命中模式，不是显著富集、TF 结合或因果调控	toy-10-15	analysis-10-15	group×subfamily×element 单元	stable_id→group/subfamily；promoter element/length	promoter 可直接生成；缺失元数据进入 Unassigned，低信息单元保留 QC。	promoter 自动生成 group×subfamily×element 零值完整网格、raw/per-gene/per-kb/z-score 工作簿与热图	正式富集检验需预定义背景、物种分层或模型、效应量、多重校正，并用实验数据验证结合。
11.1	11	泛基因与转录组表达关系	IMPLEMENTED	不同 pan_family_class 的表达检测率、水平或广度是否不同？	expression_summary/long + membership/classification；适用性/缺失 mask。	stable_id→HOG_ID/OG ID→pan_family_class 连接后比较；基础模块和 per-cell mask 语义已可用，但当前没有联合汇总或统计规则。	results/11_expression/expression_by_pan_class.tsv；results/11_expression/Fig30_expression_by_pan_class.pdf	先看每类 n_gene/n_HOG/n_species 和适用单元，再比较 detected fraction、within-species rank 或 breadth。	NOT_APPLICABLE 与 MISSING_IN_INPUT 分开；跨物种不比较原始 TPM；HOG/物种层级；FDR。	可支持合规 mask 下 pan-class 与描述性表达指标的关联。	不能用 TPM 绝对值跨物种直接比较，不能由关联证明 class 导致表达。	跨物种绝对 TPM 不直接比较；应先看物种内标准化、样本数、组织/条件和 NOT_APPLICABLE 状态	toy-11-1	analysis-11-1	gene/HOG expression summary	expression.stable_id=membership.stable_id；HOG_ID=classification.HOG_ID	依赖 pan_family 与 expression 输出；需额外连接并采用 species-aware 分母/模型。	expression 规则按 stable_id 连接 pan-family class，并输出物种内可比的分层表、规范图和适用性状态	实现 per-cell status、sample metadata consumption、species-aware models。
11.2	11	整体表达模式热图	IMPLEMENTED	目标家族基因在输入样本中的相对表达模式是什么？	imported expression matrix 或 FASTQ/StringTie route；family_members；样本列表。	模块 expression；heatmap_transform=log2_tpm1 或 log2_tpm1_zscore。	results/11_expression/expression_heatmap.pdf	先核对 sample metadata/适用性，再看 transform；row z-score 解释为单基因跨样本相对模式。	样本标签；缺失/不适用；同物种重复相关；极端值；matrix/long/summary 维度一致。	可支持数据集内目标家族的描述性表达模式。	TPM 热图不能替代 raw counts + 设计矩阵的差异表达；TPM 不可天然跨物种比较。	FASTQ/StringTie 自动标记跨物种 NOT_APPLICABLE；导入矩阵保留输入 NA 为 MISSING_IN_INPUT，缺少 sample species metadata 时不推断物种适用性；只能在可比设计内解释模式	toy-11-2	analysis-11-2	stable_id×sample	stable_id；sample_id	本地 imported-matrix toy 已运行；FASTQ route 对跨物种单元标记 NOT_APPLICABLE，导入矩阵保留输入 NA 为 MISSING_IN_INPUT。	imported matrix 或 FASTQ 路线均输出表达矩阵和热图	增加 per-cell data_status、sample-species validation、masked heatmap。
11.3	11	差异表达基因跨条件重叠分析（Global）	CONDITIONALLY_AVAILABLE	多个 contrast 中哪些目标家族基因重复差异表达，方向是否一致？	外部 raw integer counts、sample metadata、design/contrast、每 contrast DE 表；至少 gene_id/stable_id, contrast, log2FoldChange, pvalue, padj, baseMean, direction, method。	模块 expression；设置 differential_expression.enabled=true，提供 raw integer counts、sample metadata、design 和 contrast 注册表。	results/11_expression/deseq2_contrast_results.tsv；results/11_expression/deg_membership.tsv；results/11_expression/stress_evidence_integration.tsv；results/11_expression/Fig34_stress_expression_and_comparison.pdf	先审查 design/replicate/batch 与每 contrast QC，再看 padj+effect threshold；UpSet 只显示集合关系，不显示效应大小。	raw counts；生物学重复；design matrix rank；PCA/批次；独立过滤；FDR；方向一致性。	当前教程只能说明合规 DEG overlap 所需的输入和 QC，不能报告分析结果。	不能用 TPM 做 DESeq2，不能仅凭热图或 Venn 认定差异表达。	仅在 differential_expression.enabled=true 且 raw counts、重复、design/contrast 通过审计时运行；TPM/FPKM 被禁止用于正式 DE	toy-11-3	analysis-11-3	gene×contrast	stable_id/gene_id；contrast	每个 dataset 独立建模；输入必须是 raw integer counts；design matrix、重复和 contrast 均通过审计。	differential_expression 可选子路径审计 raw integer counts、design 和 contrasts，在固定 DESeq2 容器中逐数据集建模并输出 DEG membership 与跨条件整合	真实数据需冻结 accession、GSM-SRR 映射、参考版本、计数文件哈希和 DESeq2 session。
11.4	11	Abiotic Stress 响应	CONDITIONALLY_AVAILABLE	在盐、旱、冷、热等 abiotic contrasts 中哪些目标家族基因响应？	每个 abiotic dataset 的 raw integer counts、sample metadata、design/contrast、control/treatment、tissue/timepoint/replicate/batch；外部结果必须含 stable_id、contrast、log2FoldChange、pvalue、padj、baseMean、direction、method、design_id。	模块 expression 的 differential_expression 可选子路径；abiotic dataset 按各自 design 独立建模。	results/11_expression/deseq2_contrast_results.tsv；results/11_expression/stress_evidence_integration.tsv；results/11_expression/Fig34_stress_expression_and_comparison.pdf	先按 dataset/contrast 看设计与重复，再看 log2FC/padj；跨数据集优先比较方向/显著性而非 raw TPM。	control 匹配；重复；时间/组织；批次；species-specific mapping；FDR；多 contrast。	可支持特定 abiotic contrast 下的统计响应与 HOG-level evidence integration。	不能把单数据集 TPM 热图称普遍胁迫响应，也不能跨物种直接比较 TPM。	必须提供有生物学重复且可核验 provenance 的非生物胁迫 raw counts；跨研究只整合效应方向和证据，不直接混合 TPM	toy-11-4	analysis-11-4	gene×abiotic contrast	stable_id/HOG_ID；dataset_id；contrast_id	仅接受具有 biological replicate、control/treatment、design_id 和 contrast_id 的 raw-count 数据集。	正式 DE 子路径按 abiotic dataset 独立执行 raw-count DESeq2，保留 design_id、contrast_id、log2FoldChange、padj、方向和质量状态	登记公共 accession、run mapping、组织/时间、参考版本、URL、MD5/SHA256 和文件大小后才能升级为 ready。
11.5	11	Biotic Stress 响应	CONDITIONALLY_AVAILABLE	在病原/虫害等 biotic contrasts 中哪些目标家族基因响应？	每个 biotic dataset 的 raw integer counts、sample metadata、design/contrast、pathogen/insect、timepoint/tissue/replicate/batch；外部结果必须含 stable_id、contrast、log2FoldChange、pvalue、padj、baseMean、direction、method、design_id。	模块 expression 的 differential_expression 可选子路径；biotic dataset 按各自 design 独立建模。	results/11_expression/deseq2_contrast_results.tsv；results/11_expression/stress_evidence_integration.tsv；results/11_expression/Fig34_stress_expression_and_comparison.pdf	先区分病原类型、时间点和组织；查看效应方向、padj、重复一致性，再做跨研究 HOG 证据整合。	设计/重复；感染程度；批次；mapping bias；FDR；跨研究异质性。	可支持特定 biotic contrast 的外部统计结果。	不能从描述性 TPM 或单时间点热图推断免疫机制或因果调控。	必须提供有生物学重复且可核验 provenance 的生物胁迫 raw counts；感染时间、组织和批次差异限制跨研究解释	toy-11-5	analysis-11-5	gene×biotic contrast	stable_id/HOG_ID；dataset_id；contrast_id	仅接受具有 biological replicate、control/treatment、design_id 和 contrast_id 的 raw-count 数据集。	正式 DE 子路径按 biotic dataset 独立执行 raw-count DESeq2，保留 design_id、contrast_id、log2FoldChange、padj、方向和质量状态	登记病原、感染时间、组织、公共 accession、run mapping、参考版本和文件身份后才能升级为 ready。
11.6	11	泛基因类型分组织表达比较	IMPLEMENTED	不同组织中 Core/Soft-core/Shell/Cloud 目标家族基因的表达模式是否不同？	带 species_id、tissue、replicate、batch 的样本元数据；表达矩阵；stable_id→HOG_ID→pan-class 连接；可比的组织对应关系。	模块 expression；sample metadata 提供 tissue 后，描述性组织×pan-class 输出随主表达路径生成。	results/11_expression/expression_by_pan_class_tissue.tsv；results/11_expression/Fig31_expression_by_pan_class_tissue.pdf	未来应先在物种内按组织汇总或标准化，再比较 pan-class；必须同时显示样本数、缺失适用性和绝对表达信息。	组织同源性；重复和批次；TPM/计数单位；跨物种 mapping bias；pan-class 连接；NOT_APPLICABLE 与 MISSING_IN_INPUT。	当前只能确认该问题被纳入范围，并明确实现前必须满足的输入和可比性条件。	不能直接把跨物种 TPM 混合后比较类别，也不能从热图颜色声称组织特异性显著差异。	只在可比组织和物种内表达尺度下解释；描述图不替代带重复、批次与物种效应的正式模型	toy-11-6	analysis-11-6	species 内 tissue×pan_class 的独立样本单元	sample_id→species_id/tissue；stable_id→HOG_ID→pan_class	需要 tissue、species_id 和 pan-class 连接；不可比较的跨物种样本标为 NOT_APPLICABLE。	expression 规则读取 sample metadata 的 tissue，按 stable_id→HOG_ID→pan class 连接并输出组织分层表、规范图和缺失适用性状态	若进行推断，需预注册组织对应、独立重复、批次和物种效应模型。
11.7	11	群体×亚家族表达比较	IMPLEMENTED	不同群体中各亚家族的表达模式是否存在可重复的主效应或交互？	带 species_id/group/condition/replicate/batch 的样本元数据；表达矩阵；stable_id→subfamily；可比实验设计。	模块 expression；sample metadata 的 group 与 family subfamily 元数据生成二维描述表和 Fig32。	results/11_expression/expression_by_group_subfamily.tsv；results/11_expression/Fig32_expression_by_group_subfamily.pdf	未来应先区分基因层、样本层和物种层，再在可比条件内读 group、subfamily 与交互效应；不能把聚合热图当统计模型。	群体与物种混杂；亚家族组成；重复和批次；表达单位；缺失适用性；交互样本量；多重校正。	当前只能说明该交互问题已正式登记并定义了最低输入、质量控制和科学边界。	不能从现有整体表达热图推断群体×亚家族交互，也不能直接声称驯化或适应造成表达变化。	该输出用于可审计的描述性比较；若要推断交互效应，仍需足够独立重复、批次控制和预注册统计模型	toy-11-7	analysis-11-7	独立样本/物种单元内的 group×subfamily	sample_id→species_id/group；stable_id→subfamily	需要非缺失 group/subfamily 和可比表达单位；空单元保留状态，不以零值填补缺失。	expression 规则按样本 group 与成员 subfamily 构造 group×subfamily 表和 Fig32，同时保留样本数、缺失和适用性状态	若进行交互推断，需足够独立重复、批次控制和预注册模型。
