dataset_id	study_accession	sample_id	run_id	file_role	url	md5	bytes	library_layout	ena_secondary_sample	biosample_accession	experiment_accession	source_url	fetched_at_utc	download_status
GSE101734	SRP113286	GSM2714232	SRR5856927	paired_1	https://ftp.sra.ebi.ac.uk/vol1/fastq/SRR585/007/SRR5856927/SRR5856927_1.fastq.gz	232809e9fb55d4a3ad0bdcc729087488	1575157578	PAIRED	SRS2374914	SAMN07375250	SRX3025831	https://www.ebi.ac.uk/ena/portal/api/filereport?accession=SRP113286&result=read_run&fields=run_accession%2Csecondary_sample_accession%2Csample_accession%2Cexperiment_accession%2Clibrary_layout%2Cfastq_ftp%2Cfastq_md5%2Cfastq_bytes&format=tsv	2026-08-20T23:41:55+00:00	CANDIDATE
GSE101734	SRP113286	GSM2714232	SRR5856927	paired_2	https://ftp.sra.ebi.ac.uk/vol1/fastq/SRR585/007/SRR5856927/SRR5856927_2.fastq.gz	12c0c179578b7128be09334e72b992a9	1497025934	PAIRED	SRS2374914	SAMN07375250	SRX3025831	https://www.ebi.ac.uk/ena/portal/api/filereport?accession=SRP113286&result=read_run&fields=run_accession%2Csecondary_sample_accession%2Csample_accession%2Cexperiment_accession%2Clibrary_layout%2Cfastq_ftp%2Cfastq_md5%2Cfastq_bytes&format=tsv	2026-08-20T23:41:55+00:00	CANDIDATE
GSE101734	SRP113286	GSM2714233	SRR5856928	paired_1	https://ftp.sra.ebi.ac.uk/vol1/fastq/SRR585/008/SRR5856928/SRR5856928_1.fastq.gz	56d12ff4b2f823cec6c297a85c5e6fc8	1472966236	PAIRED	SRS2374915	SAMN07375264	SRX3025832	https://www.ebi.ac.uk/ena/portal/api/filereport?accession=SRP113286&result=read_run&fields=run_accession%2Csecondary_sample_accession%2Csample_accession%2Cexperiment_accession%2Clibrary_layout%2Cfastq_ftp%2Cfastq_md5%2Cfastq_bytes&format=tsv	2026-08-20T23:41:55+00:00	CANDIDATE
GSE101734	SRP113286	GSM2714233	SRR5856928	paired_2	https://ftp.sra.ebi.ac.uk/vol1/fastq/SRR585/008/SRR5856928/SRR5856928_2.fastq.gz	41c8a3d635250bd1baeb93de107015ef	1402874183	PAIRED	SRS2374915	SAMN07375264	SRX3025832	https://www.ebi.ac.uk/ena/portal/api/filereport?accession=SRP113286&result=read_run&fields=run_accession%2Csecondary_sample_accession%2Csample_accession%2Cexperiment_accession%2Clibrary_layout%2Cfastq_ftp%2Cfastq_md5%2Cfastq_bytes&format=tsv	2026-08-20T23:41:55+00:00	CANDIDATE
GSE101734	SRP113286	GSM2714234	SRR5856929	paired_1	https://ftp.sra.ebi.ac.uk/vol1/fastq/SRR585/009/SRR5856929/SRR5856929_1.fastq.gz	81c2b0fa7a60bc25a589896fccee7d8d	2171713936	PAIRED	SRS2374916	SAMN07375263	SRX3025833	https://www.ebi.ac.uk/ena/portal/api/filereport?accession=SRP113286&result=read_run&fields=run_accession%2Csecondary_sample_accession%2Csample_accession%2Cexperiment_accession%2Clibrary_layout%2Cfastq_ftp%2Cfastq_md5%2Cfastq_bytes&format=tsv	2026-08-20T23:41:55+00:00	CANDIDATE
GSE101734	SRP113286	GSM2714234	SRR5856929	paired_2	https://ftp.sra.ebi.ac.uk/vol1/fastq/SRR585/009/SRR5856929/SRR5856929_2.fastq.gz	07c04d85860b160e96a25040730442c4	2036973142	PAIRED	SRS2374916	SAMN07375263	SRX3025833	https://www.ebi.ac.uk/ena/portal/api/filereport?accession=SRP113286&result=read_run&fields=run_accession%2Csecondary_sample_accession%2Csample_accession%2Cexperiment_accession%2Clibrary_layout%2Cfastq_ftp%2Cfastq_md5%2Cfastq_bytes&format=tsv	2026-08-20T23:41:55+00:00	CANDIDATE
GSE101734	SRP113286	GSM2714235	SRR5856930	paired_1	https://ftp.sra.ebi.ac.uk/vol1/fastq/SRR585/000/SRR5856930/SRR5856930_1.fastq.gz	1cc18b284332f61641f698c0444dcadc	1684948987	PAIRED	SRS2374917	SAMN07375262	SRX3025834	https://www.ebi.ac.uk/ena/portal/api/filereport?accession=SRP113286&result=read_run&fields=run_accession%2Csecondary_sample_accession%2Csample_accession%2Cexperiment_accession%2Clibrary_layout%2Cfastq_ftp%2Cfastq_md5%2Cfastq_bytes&format=tsv	2026-08-20T23:41:55+00:00	CANDIDATE
GSE101734	SRP113286	GSM2714235	SRR5856930	paired_2	https://ftp.sra.ebi.ac.uk/vol1/fastq/SRR585/000/SRR5856930/SRR5856930_2.fastq.gz	13fd78152aa5690adab1c73d9c9c48fe	1589263700	PAIRED	SRS2374917	SAMN07375262	SRX3025834	https://www.ebi.ac.uk/ena/portal/api/filereport?accession=SRP113286&result=read_run&fields=run_accession%2Csecondary_sample_accession%2Csample_accession%2Cexperiment_accession%2Clibrary_layout%2Cfastq_ftp%2Cfastq_md5%2Cfastq_bytes&format=tsv	2026-08-20T23:41:55+00:00	CANDIDATE
GSE101734	SRP113286	GSM2714236	SRR5856931	paired_1	https://ftp.sra.ebi.ac.uk/vol1/fastq/SRR585/001/SRR5856931/SRR5856931_1.fastq.gz	8ee1fd63725bb9d4d83a0ff1c050e154	1867060040	PAIRED	SRS2374918	SAMN07375261	SRX3025835	https://www.ebi.ac.uk/ena/portal/api/filereport?accession=SRP113286&result=read_run&fields=run_accession%2Csecondary_sample_accession%2Csample_accession%2Cexperiment_accession%2Clibrary_layout%2Cfastq_ftp%2Cfastq_md5%2Cfastq_bytes&format=tsv	2026-08-20T23:41:55+00:00	CANDIDATE
GSE101734	SRP113286	GSM2714236	SRR5856931	paired_2	https://ftp.sra.ebi.ac.uk/vol1/fastq/SRR585/001/SRR5856931/SRR5856931_2.fastq.gz	3f9841ce89227f0352f27b768031774e	1750541977	PAIRED	SRS2374918	SAMN07375261	SRX3025835	https://www.ebi.ac.uk/ena/portal/api/filereport?accession=SRP113286&result=read_run&fields=run_accession%2Csecondary_sample_accession%2Csample_accession%2Cexperiment_accession%2Clibrary_layout%2Cfastq_ftp%2Cfastq_md5%2Cfastq_bytes&format=tsv	2026-08-20T23:41:55+00:00	CANDIDATE
GSE101734	SRP113286	GSM2714237	SRR5856932	paired_1	https://ftp.sra.ebi.ac.uk/vol1/fastq/SRR585/002/SRR5856932/SRR5856932_1.fastq.gz	f2ff6b13d265285d84a865631a9144de	1476207623	PAIRED	SRS2374919	SAMN07375260	SRX3025836	https://www.ebi.ac.uk/ena/portal/api/filereport?accession=SRP113286&result=read_run&fields=run_accession%2Csecondary_sample_accession%2Csample_accession%2Cexperiment_accession%2Clibrary_layout%2Cfastq_ftp%2Cfastq_md5%2Cfastq_bytes&format=tsv	2026-08-20T23:41:55+00:00	CANDIDATE
GSE101734	SRP113286	GSM2714237	SRR5856932	paired_2	https://ftp.sra.ebi.ac.uk/vol1/fastq/SRR585/002/SRR5856932/SRR5856932_2.fastq.gz	50b73317a050207fdce617c7b78b6bb1	1399530873	PAIRED	SRS2374919	SAMN07375260	SRX3025836	https://www.ebi.ac.uk/ena/portal/api/filereport?accession=SRP113286&result=read_run&fields=run_accession%2Csecondary_sample_accession%2Csample_accession%2Cexperiment_accession%2Clibrary_layout%2Cfastq_ftp%2Cfastq_md5%2Cfastq_bytes&format=tsv	2026-08-20T23:41:55+00:00	CANDIDATE
GSE101734	SRP113286	GSM2714238	SRR5856933	paired_1	https://ftp.sra.ebi.ac.uk/vol1/fastq/SRR585/003/SRR5856933/SRR5856933_1.fastq.gz	fd02fc80e9110fb0bfa278f82e454fa3	1904032596	PAIRED	SRS2374920	SAMN07375259	SRX3025837	https://www.ebi.ac.uk/ena/portal/api/filereport?accession=SRP113286&result=read_run&fields=run_accession%2Csecondary_sample_accession%2Csample_accession%2Cexperiment_accession%2Clibrary_layout%2Cfastq_ftp%2Cfastq_md5%2Cfastq_bytes&format=tsv	2026-08-20T23:41:55+00:00	CANDIDATE
GSE101734	SRP113286	GSM2714238	SRR5856933	paired_2	https://ftp.sra.ebi.ac.uk/vol1/fastq/SRR585/003/SRR5856933/SRR5856933_2.fastq.gz	3a5070ad5d08167491fb16c0c05269a6	1775457287	PAIRED	SRS2374920	SAMN07375259	SRX3025837	https://www.ebi.ac.uk/ena/portal/api/filereport?accession=SRP113286&result=read_run&fields=run_accession%2Csecondary_sample_accession%2Csample_accession%2Cexperiment_accession%2Clibrary_layout%2Cfastq_ftp%2Cfastq_md5%2Cfastq_bytes&format=tsv	2026-08-20T23:41:55+00:00	CANDIDATE
GSE101734	SRP113286	GSM2714239	SRR5856934	paired_1	https://ftp.sra.ebi.ac.uk/vol1/fastq/SRR585/004/SRR5856934/SRR5856934_1.fastq.gz	8c987adbebecd1408630b01682e32ea4	1723085657	PAIRED	SRS2374921	SAMN07375258	SRX3025838	https://www.ebi.ac.uk/ena/portal/api/filereport?accession=SRP113286&result=read_run&fields=run_accession%2Csecondary_sample_accession%2Csample_accession%2Cexperiment_accession%2Clibrary_layout%2Cfastq_ftp%2Cfastq_md5%2Cfastq_bytes&format=tsv	2026-08-20T23:41:55+00:00	CANDIDATE
GSE101734	SRP113286	GSM2714239	SRR5856934	paired_2	https://ftp.sra.ebi.ac.uk/vol1/fastq/SRR585/004/SRR5856934/SRR5856934_2.fastq.gz	e7988d2065cc959909b514a25dfdb498	1620224696	PAIRED	SRS2374921	SAMN07375258	SRX3025838	https://www.ebi.ac.uk/ena/portal/api/filereport?accession=SRP113286&result=read_run&fields=run_accession%2Csecondary_sample_accession%2Csample_accession%2Cexperiment_accession%2Clibrary_layout%2Cfastq_ftp%2Cfastq_md5%2Cfastq_bytes&format=tsv	2026-08-20T23:41:55+00:00	CANDIDATE
GSE101734	SRP113286	GSM2714240	SRR5856935	paired_1	https://ftp.sra.ebi.ac.uk/vol1/fastq/SRR585/005/SRR5856935/SRR5856935_1.fastq.gz	56860308d9c4f6658e96cb1e2abfa358	1961544290	PAIRED	SRS2374922	SAMN07375257	SRX3025839	https://www.ebi.ac.uk/ena/portal/api/filereport?accession=SRP113286&result=read_run&fields=run_accession%2Csecondary_sample_accession%2Csample_accession%2Cexperiment_accession%2Clibrary_layout%2Cfastq_ftp%2Cfastq_md5%2Cfastq_bytes&format=tsv	2026-08-20T23:41:55+00:00	CANDIDATE
GSE101734	SRP113286	GSM2714240	SRR5856935	paired_2	https://ftp.sra.ebi.ac.uk/vol1/fastq/SRR585/005/SRR5856935/SRR5856935_2.fastq.gz	e1f4848636ce20eb144a45e67fcf5edd	1947022484	PAIRED	SRS2374922	SAMN07375257	SRX3025839	https://www.ebi.ac.uk/ena/portal/api/filereport?accession=SRP113286&result=read_run&fields=run_accession%2Csecondary_sample_accession%2Csample_accession%2Cexperiment_accession%2Clibrary_layout%2Cfastq_ftp%2Cfastq_md5%2Cfastq_bytes&format=tsv	2026-08-20T23:41:55+00:00	CANDIDATE
GSE101734	SRP113286	GSM2714241	SRR5856936	paired_1	https://ftp.sra.ebi.ac.uk/vol1/fastq/SRR585/006/SRR5856936/SRR5856936_1.fastq.gz	50135cfb51ed50c22114f75ebcd18db2	2960891634	PAIRED	SRS2374923	SAMN07375256	SRX3025840	https://www.ebi.ac.uk/ena/portal/api/filereport?accession=SRP113286&result=read_run&fields=run_accession%2Csecondary_sample_accession%2Csample_accession%2Cexperiment_accession%2Clibrary_layout%2Cfastq_ftp%2Cfastq_md5%2Cfastq_bytes&format=tsv	2026-08-20T23:41:55+00:00	CANDIDATE
GSE101734	SRP113286	GSM2714241	SRR5856936	paired_2	https://ftp.sra.ebi.ac.uk/vol1/fastq/SRR585/006/SRR5856936/SRR5856936_2.fastq.gz	330ef42d724f8bfe62dd594b57d523b0	2939738280	PAIRED	SRS2374923	SAMN07375256	SRX3025840	https://www.ebi.ac.uk/ena/portal/api/filereport?accession=SRP113286&result=read_run&fields=run_accession%2Csecondary_sample_accession%2Csample_accession%2Cexperiment_accession%2Clibrary_layout%2Cfastq_ftp%2Cfastq_md5%2Cfastq_bytes&format=tsv	2026-08-20T23:41:55+00:00	CANDIDATE
GSE101734	SRP113286	GSM2714242	SRR5856937	paired_1	https://ftp.sra.ebi.ac.uk/vol1/fastq/SRR585/007/SRR5856937/SRR5856937_1.fastq.gz	c119c6eabfd9caa177753896851f0133	2335739015	PAIRED	SRS2374924	SAMN07375255	SRX3025841	https://www.ebi.ac.uk/ena/portal/api/filereport?accession=SRP113286&result=read_run&fields=run_accession%2Csecondary_sample_accession%2Csample_accession%2Cexperiment_accession%2Clibrary_layout%2Cfastq_ftp%2Cfastq_md5%2Cfastq_bytes&format=tsv	2026-08-20T23:41:55+00:00	CANDIDATE
GSE101734	SRP113286	GSM2714242	SRR5856937	paired_2	https://ftp.sra.ebi.ac.uk/vol1/fastq/SRR585/007/SRR5856937/SRR5856937_2.fastq.gz	2b6ff3dd4d3167d0cfd3094c83de59c3	2278138723	PAIRED	SRS2374924	SAMN07375255	SRX3025841	https://www.ebi.ac.uk/ena/portal/api/filereport?accession=SRP113286&result=read_run&fields=run_accession%2Csecondary_sample_accession%2Csample_accession%2Cexperiment_accession%2Clibrary_layout%2Cfastq_ftp%2Cfastq_md5%2Cfastq_bytes&format=tsv	2026-08-20T23:41:55+00:00	CANDIDATE
GSE101734	SRP113286	GSM2714243	SRR5856938	paired_1	https://ftp.sra.ebi.ac.uk/vol1/fastq/SRR585/008/SRR5856938/SRR5856938_1.fastq.gz	c03a050ab5c0f8107b2479430883b0fe	2761798750	PAIRED	SRS2374925	SAMN07375253	SRX3025842	https://www.ebi.ac.uk/ena/portal/api/filereport?accession=SRP113286&result=read_run&fields=run_accession%2Csecondary_sample_accession%2Csample_accession%2Cexperiment_accession%2Clibrary_layout%2Cfastq_ftp%2Cfastq_md5%2Cfastq_bytes&format=tsv	2026-08-20T23:41:55+00:00	CANDIDATE
GSE101734	SRP113286	GSM2714243	SRR5856938	paired_2	https://ftp.sra.ebi.ac.uk/vol1/fastq/SRR585/008/SRR5856938/SRR5856938_2.fastq.gz	3eb9aba34e0cfd33101e881d8a78ee9d	2797969273	PAIRED	SRS2374925	SAMN07375253	SRX3025842	https://www.ebi.ac.uk/ena/portal/api/filereport?accession=SRP113286&result=read_run&fields=run_accession%2Csecondary_sample_accession%2Csample_accession%2Cexperiment_accession%2Clibrary_layout%2Cfastq_ftp%2Cfastq_md5%2Cfastq_bytes&format=tsv	2026-08-20T23:41:55+00:00	CANDIDATE
GSE81906	SRP075722	GSM2177576	SRR3588113	orphan_unpaired	https://ftp.sra.ebi.ac.uk/vol1/fastq/SRR358/003/SRR3588113/SRR3588113.fastq.gz	23c861c6c63f37b692fab16c080ebbda	100699248	PAIRED	SRS1467655	SAMN05177709	SRX1800508	https://www.ebi.ac.uk/ena/portal/api/filereport?accession=SRP075722&result=read_run&fields=run_accession%2Csecondary_sample_accession%2Csample_accession%2Cexperiment_accession%2Clibrary_layout%2Cfastq_ftp%2Cfastq_md5%2Cfastq_bytes&format=tsv	2026-08-20T23:41:55+00:00	CANDIDATE
GSE81906	SRP075722	GSM2177576	SRR3588113	paired_1	https://ftp.sra.ebi.ac.uk/vol1/fastq/SRR358/003/SRR3588113/SRR3588113_1.fastq.gz	da2ad3038a23dc2a9d40f4d1b9366518	1194187799	PAIRED	SRS1467655	SAMN05177709	SRX1800508	https://www.ebi.ac.uk/ena/portal/api/filereport?accession=SRP075722&result=read_run&fields=run_accession%2Csecondary_sample_accession%2Csample_accession%2Cexperiment_accession%2Clibrary_layout%2Cfastq_ftp%2Cfastq_md5%2Cfastq_bytes&format=tsv	2026-08-20T23:41:55+00:00	CANDIDATE
GSE81906	SRP075722	GSM2177576	SRR3588113	paired_2	https://ftp.sra.ebi.ac.uk/vol1/fastq/SRR358/003/SRR3588113/SRR3588113_2.fastq.gz	edc939f950f39e3f8844e2acc4f4120c	1212676045	PAIRED	SRS1467655	SAMN05177709	SRX1800508	https://www.ebi.ac.uk/ena/portal/api/filereport?accession=SRP075722&result=read_run&fields=run_accession%2Csecondary_sample_accession%2Csample_accession%2Cexperiment_accession%2Clibrary_layout%2Cfastq_ftp%2Cfastq_md5%2Cfastq_bytes&format=tsv	2026-08-20T23:41:55+00:00	CANDIDATE
GSE81906	SRP075722	GSM2177576	SRR3588114	orphan_unpaired	https://ftp.sra.ebi.ac.uk/vol1/fastq/SRR358/004/SRR3588114/SRR3588114.fastq.gz	44fe66e7921230f1da535511e1a900b8	142545958	PAIRED	SRS1467655	SAMN05177709	SRX1800508	https://www.ebi.ac.uk/ena/portal/api/filereport?accession=SRP075722&result=read_run&fields=run_accession%2Csecondary_sample_accession%2Csample_accession%2Cexperiment_accession%2Clibrary_layout%2Cfastq_ftp%2Cfastq_md5%2Cfastq_bytes&format=tsv	2026-08-20T23:41:55+00:00	CANDIDATE
GSE81906	SRP075722	GSM2177576	SRR3588114	paired_1	https://ftp.sra.ebi.ac.uk/vol1/fastq/SRR358/004/SRR3588114/SRR3588114_1.fastq.gz	de24f771672bf483b34f67858941be1d	112451000	PAIRED	SRS1467655	SAMN05177709	SRX1800508	https://www.ebi.ac.uk/ena/portal/api/filereport?accession=SRP075722&result=read_run&fields=run_accession%2Csecondary_sample_accession%2Csample_accession%2Cexperiment_accession%2Clibrary_layout%2Cfastq_ftp%2Cfastq_md5%2Cfastq_bytes&format=tsv	2026-08-20T23:41:55+00:00	CANDIDATE
GSE81906	SRP075722	GSM2177576	SRR3588114	paired_2	https://ftp.sra.ebi.ac.uk/vol1/fastq/SRR358/004/SRR3588114/SRR3588114_2.fastq.gz	4c58fd0aeaa5eaa59e6d0fad39a713eb	112983253	PAIRED	SRS1467655	SAMN05177709	SRX1800508	https://www.ebi.ac.uk/ena/portal/api/filereport?accession=SRP075722&result=read_run&fields=run_accession%2Csecondary_sample_accession%2Csample_accession%2Cexperiment_accession%2Clibrary_layout%2Cfastq_ftp%2Cfastq_md5%2Cfastq_bytes&format=tsv	2026-08-20T23:41:55+00:00	CANDIDATE
GSE81906	SRP075722	GSM2177577	SRR3588115	orphan_unpaired	https://ftp.sra.ebi.ac.uk/vol1/fastq/SRR358/005/SRR3588115/SRR3588115.fastq.gz	9aa06818c905c04d0f0974d727bb1ab5	91045167	PAIRED	SRS1467656	SAMN05177710	SRX1800509	https://www.ebi.ac.uk/ena/portal/api/filereport?accession=SRP075722&result=read_run&fields=run_accession%2Csecondary_sample_accession%2Csample_accession%2Cexperiment_accession%2Clibrary_layout%2Cfastq_ftp%2Cfastq_md5%2Cfastq_bytes&format=tsv	2026-08-20T23:41:55+00:00	CANDIDATE
GSE81906	SRP075722	GSM2177577	SRR3588115	paired_1	https://ftp.sra.ebi.ac.uk/vol1/fastq/SRR358/005/SRR3588115/SRR3588115_1.fastq.gz	af59aef1a59d33ddaaa539e2e01f3e97	1111158889	PAIRED	SRS1467656	SAMN05177710	SRX1800509	https://www.ebi.ac.uk/ena/portal/api/filereport?accession=SRP075722&result=read_run&fields=run_accession%2Csecondary_sample_accession%2Csample_accession%2Cexperiment_accession%2Clibrary_layout%2Cfastq_ftp%2Cfastq_md5%2Cfastq_bytes&format=tsv	2026-08-20T23:41:55+00:00	CANDIDATE
GSE81906	SRP075722	GSM2177577	SRR3588115	paired_2	https://ftp.sra.ebi.ac.uk/vol1/fastq/SRR358/005/SRR3588115/SRR3588115_2.fastq.gz	19c848a468d333f8867ac400030cce7d	1119168185	PAIRED	SRS1467656	SAMN05177710	SRX1800509	https://www.ebi.ac.uk/ena/portal/api/filereport?accession=SRP075722&result=read_run&fields=run_accession%2Csecondary_sample_accession%2Csample_accession%2Cexperiment_accession%2Clibrary_layout%2Cfastq_ftp%2Cfastq_md5%2Cfastq_bytes&format=tsv	2026-08-20T23:41:55+00:00	CANDIDATE
GSE81906	SRP075722	GSM2177577	SRR3588116	orphan_unpaired	https://ftp.sra.ebi.ac.uk/vol1/fastq/SRR358/006/SRR3588116/SRR3588116.fastq.gz	6e336e279693cb1c43c7d008a44fe597	129135146	PAIRED	SRS1467656	SAMN05177710	SRX1800509	https://www.ebi.ac.uk/ena/portal/api/filereport?accession=SRP075722&result=read_run&fields=run_accession%2Csecondary_sample_accession%2Csample_accession%2Cexperiment_accession%2Clibrary_layout%2Cfastq_ftp%2Cfastq_md5%2Cfastq_bytes&format=tsv	2026-08-20T23:41:55+00:00	CANDIDATE
GSE81906	SRP075722	GSM2177577	SRR3588116	paired_1	https://ftp.sra.ebi.ac.uk/vol1/fastq/SRR358/006/SRR3588116/SRR3588116_1.fastq.gz	79a5ec5a365fa00e42c6612f5e45c0cd	102311014	PAIRED	SRS1467656	SAMN05177710	SRX1800509	https://www.ebi.ac.uk/ena/portal/api/filereport?accession=SRP075722&result=read_run&fields=run_accession%2Csecondary_sample_accession%2Csample_accession%2Cexperiment_accession%2Clibrary_layout%2Cfastq_ftp%2Cfastq_md5%2Cfastq_bytes&format=tsv	2026-08-20T23:41:55+00:00	CANDIDATE
GSE81906	SRP075722	GSM2177577	SRR3588116	paired_2	https://ftp.sra.ebi.ac.uk/vol1/fastq/SRR358/006/SRR3588116/SRR3588116_2.fastq.gz	5e82ba1f1997b82d6b3663b3f87441a5	102150864	PAIRED	SRS1467656	SAMN05177710	SRX1800509	https://www.ebi.ac.uk/ena/portal/api/filereport?accession=SRP075722&result=read_run&fields=run_accession%2Csecondary_sample_accession%2Csample_accession%2Cexperiment_accession%2Clibrary_layout%2Cfastq_ftp%2Cfastq_md5%2Cfastq_bytes&format=tsv	2026-08-20T23:41:55+00:00	CANDIDATE
GSE81906	SRP075722	GSM2177578	SRR3588117	orphan_unpaired	https://ftp.sra.ebi.ac.uk/vol1/fastq/SRR358/007/SRR3588117/SRR3588117.fastq.gz	f4d446dae51190775fd3c97de571e926	108136149	PAIRED	SRS1467657	SAMN05177711	SRX1800510	https://www.ebi.ac.uk/ena/portal/api/filereport?accession=SRP075722&result=read_run&fields=run_accession%2Csecondary_sample_accession%2Csample_accession%2Cexperiment_accession%2Clibrary_layout%2Cfastq_ftp%2Cfastq_md5%2Cfastq_bytes&format=tsv	2026-08-20T23:41:55+00:00	CANDIDATE
GSE81906	SRP075722	GSM2177578	SRR3588117	paired_1	https://ftp.sra.ebi.ac.uk/vol1/fastq/SRR358/007/SRR3588117/SRR3588117_1.fastq.gz	4d5428c41a0fc7a1258ae4a656df8816	1293502523	PAIRED	SRS1467657	SAMN05177711	SRX1800510	https://www.ebi.ac.uk/ena/portal/api/filereport?accession=SRP075722&result=read_run&fields=run_accession%2Csecondary_sample_accession%2Csample_accession%2Cexperiment_accession%2Clibrary_layout%2Cfastq_ftp%2Cfastq_md5%2Cfastq_bytes&format=tsv	2026-08-20T23:41:55+00:00	CANDIDATE
GSE81906	SRP075722	GSM2177578	SRR3588117	paired_2	https://ftp.sra.ebi.ac.uk/vol1/fastq/SRR358/007/SRR3588117/SRR3588117_2.fastq.gz	eed583915e49ef6f4aade2372b70db96	1310070521	PAIRED	SRS1467657	SAMN05177711	SRX1800510	https://www.ebi.ac.uk/ena/portal/api/filereport?accession=SRP075722&result=read_run&fields=run_accession%2Csecondary_sample_accession%2Csample_accession%2Cexperiment_accession%2Clibrary_layout%2Cfastq_ftp%2Cfastq_md5%2Cfastq_bytes&format=tsv	2026-08-20T23:41:55+00:00	CANDIDATE
GSE81906	SRP075722	GSM2177578	SRR3588118	orphan_unpaired	https://ftp.sra.ebi.ac.uk/vol1/fastq/SRR358/008/SRR3588118/SRR3588118.fastq.gz	2bb22cc5cded5540bc7cf1df09435ea2	153595590	PAIRED	SRS1467657	SAMN05177711	SRX1800510	https://www.ebi.ac.uk/ena/portal/api/filereport?accession=SRP075722&result=read_run&fields=run_accession%2Csecondary_sample_accession%2Csample_accession%2Cexperiment_accession%2Clibrary_layout%2Cfastq_ftp%2Cfastq_md5%2Cfastq_bytes&format=tsv	2026-08-20T23:41:55+00:00	CANDIDATE
GSE81906	SRP075722	GSM2177578	SRR3588118	paired_1	https://ftp.sra.ebi.ac.uk/vol1/fastq/SRR358/008/SRR3588118/SRR3588118_1.fastq.gz	20d573983db40edf6e79ac5860a31bdb	116515887	PAIRED	SRS1467657	SAMN05177711	SRX1800510	https://www.ebi.ac.uk/ena/portal/api/filereport?accession=SRP075722&result=read_run&fields=run_accession%2Csecondary_sample_accession%2Csample_accession%2Cexperiment_accession%2Clibrary_layout%2Cfastq_ftp%2Cfastq_md5%2Cfastq_bytes&format=tsv	2026-08-20T23:41:55+00:00	CANDIDATE
GSE81906	SRP075722	GSM2177578	SRR3588118	paired_2	https://ftp.sra.ebi.ac.uk/vol1/fastq/SRR358/008/SRR3588118/SRR3588118_2.fastq.gz	87b1ca4e2b06ddf1091dd3d0fc377bdc	116828197	PAIRED	SRS1467657	SAMN05177711	SRX1800510	https://www.ebi.ac.uk/ena/portal/api/filereport?accession=SRP075722&result=read_run&fields=run_accession%2Csecondary_sample_accession%2Csample_accession%2Cexperiment_accession%2Clibrary_layout%2Cfastq_ftp%2Cfastq_md5%2Cfastq_bytes&format=tsv	2026-08-20T23:41:55+00:00	CANDIDATE
GSE81906	SRP075722	GSM2177579	SRR3588119	orphan_unpaired	https://ftp.sra.ebi.ac.uk/vol1/fastq/SRR358/009/SRR3588119/SRR3588119.fastq.gz	476043016f5eaa2f4093c481e450ba7c	120816065	PAIRED	SRS1467658	SAMN05177712	SRX1800511	https://www.ebi.ac.uk/ena/portal/api/filereport?accession=SRP075722&result=read_run&fields=run_accession%2Csecondary_sample_accession%2Csample_accession%2Cexperiment_accession%2Clibrary_layout%2Cfastq_ftp%2Cfastq_md5%2Cfastq_bytes&format=tsv	2026-08-20T23:41:55+00:00	CANDIDATE
GSE81906	SRP075722	GSM2177579	SRR3588119	paired_1	https://ftp.sra.ebi.ac.uk/vol1/fastq/SRR358/009/SRR3588119/SRR3588119_1.fastq.gz	7205ea81e9c81b1dc64f1cfb76a4df63	1441098444	PAIRED	SRS1467658	SAMN05177712	SRX1800511	https://www.ebi.ac.uk/ena/portal/api/filereport?accession=SRP075722&result=read_run&fields=run_accession%2Csecondary_sample_accession%2Csample_accession%2Cexperiment_accession%2Clibrary_layout%2Cfastq_ftp%2Cfastq_md5%2Cfastq_bytes&format=tsv	2026-08-20T23:41:55+00:00	CANDIDATE
GSE81906	SRP075722	GSM2177579	SRR3588119	paired_2	https://ftp.sra.ebi.ac.uk/vol1/fastq/SRR358/009/SRR3588119/SRR3588119_2.fastq.gz	8717c3dce9d22a9fdecb4276a461ae6e	1468681523	PAIRED	SRS1467658	SAMN05177712	SRX1800511	https://www.ebi.ac.uk/ena/portal/api/filereport?accession=SRP075722&result=read_run&fields=run_accession%2Csecondary_sample_accession%2Csample_accession%2Cexperiment_accession%2Clibrary_layout%2Cfastq_ftp%2Cfastq_md5%2Cfastq_bytes&format=tsv	2026-08-20T23:41:55+00:00	CANDIDATE
GSE81906	SRP075722	GSM2177579	SRR3588120	orphan_unpaired	https://ftp.sra.ebi.ac.uk/vol1/fastq/SRR358/000/SRR3588120/SRR3588120.fastq.gz	b43180d7952e94f3436fadc5807e69d7	171075810	PAIRED	SRS1467658	SAMN05177712	SRX1800511	https://www.ebi.ac.uk/ena/portal/api/filereport?accession=SRP075722&result=read_run&fields=run_accession%2Csecondary_sample_accession%2Csample_accession%2Cexperiment_accession%2Clibrary_layout%2Cfastq_ftp%2Cfastq_md5%2Cfastq_bytes&format=tsv	2026-08-20T23:41:55+00:00	CANDIDATE
GSE81906	SRP075722	GSM2177579	SRR3588120	paired_1	https://ftp.sra.ebi.ac.uk/vol1/fastq/SRR358/000/SRR3588120/SRR3588120_1.fastq.gz	9b3d5e99ba02a3af14228d72df5dcd36	110711762	PAIRED	SRS1467658	SAMN05177712	SRX1800511	https://www.ebi.ac.uk/ena/portal/api/filereport?accession=SRP075722&result=read_run&fields=run_accession%2Csecondary_sample_accession%2Csample_accession%2Cexperiment_accession%2Clibrary_layout%2Cfastq_ftp%2Cfastq_md5%2Cfastq_bytes&format=tsv	2026-08-20T23:41:55+00:00	CANDIDATE
GSE81906	SRP075722	GSM2177579	SRR3588120	paired_2	https://ftp.sra.ebi.ac.uk/vol1/fastq/SRR358/000/SRR3588120/SRR3588120_2.fastq.gz	33e3d7b225f78eaab8248a892a8b9577	111423030	PAIRED	SRS1467658	SAMN05177712	SRX1800511	https://www.ebi.ac.uk/ena/portal/api/filereport?accession=SRP075722&result=read_run&fields=run_accession%2Csecondary_sample_accession%2Csample_accession%2Cexperiment_accession%2Clibrary_layout%2Cfastq_ftp%2Cfastq_md5%2Cfastq_bytes&format=tsv	2026-08-20T23:41:55+00:00	CANDIDATE
GSE81906	SRP075722	GSM2177580	SRR3588121	orphan_unpaired	https://ftp.sra.ebi.ac.uk/vol1/fastq/SRR358/001/SRR3588121/SRR3588121.fastq.gz	34b7cda27db310983ce99de291425515	99785096	PAIRED	SRS1467659	SAMN05177713	SRX1800512	https://www.ebi.ac.uk/ena/portal/api/filereport?accession=SRP075722&result=read_run&fields=run_accession%2Csecondary_sample_accession%2Csample_accession%2Cexperiment_accession%2Clibrary_layout%2Cfastq_ftp%2Cfastq_md5%2Cfastq_bytes&format=tsv	2026-08-20T23:41:55+00:00	CANDIDATE
GSE81906	SRP075722	GSM2177580	SRR3588121	paired_1	https://ftp.sra.ebi.ac.uk/vol1/fastq/SRR358/001/SRR3588121/SRR3588121_1.fastq.gz	335c2311493d2c456fd3a2b6c540d028	1157379422	PAIRED	SRS1467659	SAMN05177713	SRX1800512	https://www.ebi.ac.uk/ena/portal/api/filereport?accession=SRP075722&result=read_run&fields=run_accession%2Csecondary_sample_accession%2Csample_accession%2Cexperiment_accession%2Clibrary_layout%2Cfastq_ftp%2Cfastq_md5%2Cfastq_bytes&format=tsv	2026-08-20T23:41:55+00:00	CANDIDATE
GSE81906	SRP075722	GSM2177580	SRR3588121	paired_2	https://ftp.sra.ebi.ac.uk/vol1/fastq/SRR358/001/SRR3588121/SRR3588121_2.fastq.gz	9eeaaa95bfc21dd9b422a0f8dced0469	1171164099	PAIRED	SRS1467659	SAMN05177713	SRX1800512	https://www.ebi.ac.uk/ena/portal/api/filereport?accession=SRP075722&result=read_run&fields=run_accession%2Csecondary_sample_accession%2Csample_accession%2Cexperiment_accession%2Clibrary_layout%2Cfastq_ftp%2Cfastq_md5%2Cfastq_bytes&format=tsv	2026-08-20T23:41:55+00:00	CANDIDATE
GSE81906	SRP075722	GSM2177580	SRR3588122	orphan_unpaired	https://ftp.sra.ebi.ac.uk/vol1/fastq/SRR358/002/SRR3588122/SRR3588122.fastq.gz	aad61b26b0674f2e025a2373ca6614dc	138716280	PAIRED	SRS1467659	SAMN05177713	SRX1800512	https://www.ebi.ac.uk/ena/portal/api/filereport?accession=SRP075722&result=read_run&fields=run_accession%2Csecondary_sample_accession%2Csample_accession%2Cexperiment_accession%2Clibrary_layout%2Cfastq_ftp%2Cfastq_md5%2Cfastq_bytes&format=tsv	2026-08-20T23:41:55+00:00	CANDIDATE
GSE81906	SRP075722	GSM2177580	SRR3588122	paired_1	https://ftp.sra.ebi.ac.uk/vol1/fastq/SRR358/002/SRR3588122/SRR3588122_1.fastq.gz	9c6593444c17900d4a12586c12aff94c	95009156	PAIRED	SRS1467659	SAMN05177713	SRX1800512	https://www.ebi.ac.uk/ena/portal/api/filereport?accession=SRP075722&result=read_run&fields=run_accession%2Csecondary_sample_accession%2Csample_accession%2Cexperiment_accession%2Clibrary_layout%2Cfastq_ftp%2Cfastq_md5%2Cfastq_bytes&format=tsv	2026-08-20T23:41:55+00:00	CANDIDATE
GSE81906	SRP075722	GSM2177580	SRR3588122	paired_2	https://ftp.sra.ebi.ac.uk/vol1/fastq/SRR358/002/SRR3588122/SRR3588122_2.fastq.gz	a96048be6e34a0f7f1589db811d8c9e6	95150137	PAIRED	SRS1467659	SAMN05177713	SRX1800512	https://www.ebi.ac.uk/ena/portal/api/filereport?accession=SRP075722&result=read_run&fields=run_accession%2Csecondary_sample_accession%2Csample_accession%2Cexperiment_accession%2Clibrary_layout%2Cfastq_ftp%2Cfastq_md5%2Cfastq_bytes&format=tsv	2026-08-20T23:41:55+00:00	CANDIDATE
GSE81906	SRP075722	GSM2177581	SRR3588123	orphan_unpaired	https://ftp.sra.ebi.ac.uk/vol1/fastq/SRR358/003/SRR3588123/SRR3588123.fastq.gz	0e7edc82cd6908a0229ce945de35f7d3	103645009	PAIRED	SRS1467660	SAMN05177714	SRX1800513	https://www.ebi.ac.uk/ena/portal/api/filereport?accession=SRP075722&result=read_run&fields=run_accession%2Csecondary_sample_accession%2Csample_accession%2Cexperiment_accession%2Clibrary_layout%2Cfastq_ftp%2Cfastq_md5%2Cfastq_bytes&format=tsv	2026-08-20T23:41:55+00:00	CANDIDATE
GSE81906	SRP075722	GSM2177581	SRR3588123	paired_1	https://ftp.sra.ebi.ac.uk/vol1/fastq/SRR358/003/SRR3588123/SRR3588123_1.fastq.gz	2680aa7d6ff9548c7c8d18f8af6cd9e1	1232515936	PAIRED	SRS1467660	SAMN05177714	SRX1800513	https://www.ebi.ac.uk/ena/portal/api/filereport?accession=SRP075722&result=read_run&fields=run_accession%2Csecondary_sample_accession%2Csample_accession%2Cexperiment_accession%2Clibrary_layout%2Cfastq_ftp%2Cfastq_md5%2Cfastq_bytes&format=tsv	2026-08-20T23:41:55+00:00	CANDIDATE
GSE81906	SRP075722	GSM2177581	SRR3588123	paired_2	https://ftp.sra.ebi.ac.uk/vol1/fastq/SRR358/003/SRR3588123/SRR3588123_2.fastq.gz	e3a0dfa494d065649de938e1c21a8c99	1248391371	PAIRED	SRS1467660	SAMN05177714	SRX1800513	https://www.ebi.ac.uk/ena/portal/api/filereport?accession=SRP075722&result=read_run&fields=run_accession%2Csecondary_sample_accession%2Csample_accession%2Cexperiment_accession%2Clibrary_layout%2Cfastq_ftp%2Cfastq_md5%2Cfastq_bytes&format=tsv	2026-08-20T23:41:55+00:00	CANDIDATE
GSE81906	SRP075722	GSM2177581	SRR3588124	orphan_unpaired	https://ftp.sra.ebi.ac.uk/vol1/fastq/SRR358/004/SRR3588124/SRR3588124.fastq.gz	062b4663f14eaad2d2bc1a59a56c85b5	143979531	PAIRED	SRS1467660	SAMN05177714	SRX1800513	https://www.ebi.ac.uk/ena/portal/api/filereport?accession=SRP075722&result=read_run&fields=run_accession%2Csecondary_sample_accession%2Csample_accession%2Cexperiment_accession%2Clibrary_layout%2Cfastq_ftp%2Cfastq_md5%2Cfastq_bytes&format=tsv	2026-08-20T23:41:55+00:00	CANDIDATE
GSE81906	SRP075722	GSM2177581	SRR3588124	paired_1	https://ftp.sra.ebi.ac.uk/vol1/fastq/SRR358/004/SRR3588124/SRR3588124_1.fastq.gz	8fb2e7d6d848a9a47fb0247c2e0dd564	103892009	PAIRED	SRS1467660	SAMN05177714	SRX1800513	https://www.ebi.ac.uk/ena/portal/api/filereport?accession=SRP075722&result=read_run&fields=run_accession%2Csecondary_sample_accession%2Csample_accession%2Cexperiment_accession%2Clibrary_layout%2Cfastq_ftp%2Cfastq_md5%2Cfastq_bytes&format=tsv	2026-08-20T23:41:55+00:00	CANDIDATE
GSE81906	SRP075722	GSM2177581	SRR3588124	paired_2	https://ftp.sra.ebi.ac.uk/vol1/fastq/SRR358/004/SRR3588124/SRR3588124_2.fastq.gz	ddea31c297c71ed8d5b9eb5a9fd4eff9	104187979	PAIRED	SRS1467660	SAMN05177714	SRX1800513	https://www.ebi.ac.uk/ena/portal/api/filereport?accession=SRP075722&result=read_run&fields=run_accession%2Csecondary_sample_accession%2Csample_accession%2Cexperiment_accession%2Clibrary_layout%2Cfastq_ftp%2Cfastq_md5%2Cfastq_bytes&format=tsv	2026-08-20T23:41:55+00:00	CANDIDATE
GSE81906	SRP075722	GSM2177582	SRR3588125	orphan_unpaired	https://ftp.sra.ebi.ac.uk/vol1/fastq/SRR358/005/SRR3588125/SRR3588125.fastq.gz	ddae011a8ee4955365b55416add0cfa9	313523921	PAIRED	SRS1467661	SAMN05177715	SRX1800514	https://www.ebi.ac.uk/ena/portal/api/filereport?accession=SRP075722&result=read_run&fields=run_accession%2Csecondary_sample_accession%2Csample_accession%2Cexperiment_accession%2Clibrary_layout%2Cfastq_ftp%2Cfastq_md5%2Cfastq_bytes&format=tsv	2026-08-20T23:41:55+00:00	CANDIDATE
GSE81906	SRP075722	GSM2177582	SRR3588125	paired_1	https://ftp.sra.ebi.ac.uk/vol1/fastq/SRR358/005/SRR3588125/SRR3588125_1.fastq.gz	3d37c7e2e67fd21d7f7583fd7a6caade	1292727080	PAIRED	SRS1467661	SAMN05177715	SRX1800514	https://www.ebi.ac.uk/ena/portal/api/filereport?accession=SRP075722&result=read_run&fields=run_accession%2Csecondary_sample_accession%2Csample_accession%2Cexperiment_accession%2Clibrary_layout%2Cfastq_ftp%2Cfastq_md5%2Cfastq_bytes&format=tsv	2026-08-20T23:41:55+00:00	CANDIDATE
GSE81906	SRP075722	GSM2177582	SRR3588125	paired_2	https://ftp.sra.ebi.ac.uk/vol1/fastq/SRR358/005/SRR3588125/SRR3588125_2.fastq.gz	24f5b1feafa3b9de3283e3f6abd7f687	1379058441	PAIRED	SRS1467661	SAMN05177715	SRX1800514	https://www.ebi.ac.uk/ena/portal/api/filereport?accession=SRP075722&result=read_run&fields=run_accession%2Csecondary_sample_accession%2Csample_accession%2Cexperiment_accession%2Clibrary_layout%2Cfastq_ftp%2Cfastq_md5%2Cfastq_bytes&format=tsv	2026-08-20T23:41:55+00:00	CANDIDATE
GSE81906	SRP075722	GSM2177582	SRR3588126	orphan_unpaired	https://ftp.sra.ebi.ac.uk/vol1/fastq/SRR358/006/SRR3588126/SRR3588126.fastq.gz	58354ca2f662042aee46c083506b90d7	446230833	PAIRED	SRS1467661	SAMN05177715	SRX1800514	https://www.ebi.ac.uk/ena/portal/api/filereport?accession=SRP075722&result=read_run&fields=run_accession%2Csecondary_sample_accession%2Csample_accession%2Cexperiment_accession%2Clibrary_layout%2Cfastq_ftp%2Cfastq_md5%2Cfastq_bytes&format=tsv	2026-08-20T23:41:55+00:00	CANDIDATE
GSE81906	SRP075722	GSM2177582	SRR3588126	paired_1	https://ftp.sra.ebi.ac.uk/vol1/fastq/SRR358/006/SRR3588126/SRR3588126_1.fastq.gz	54cbe7a9569a1939ea41891437a828ec	661785655	PAIRED	SRS1467661	SAMN05177715	SRX1800514	https://www.ebi.ac.uk/ena/portal/api/filereport?accession=SRP075722&result=read_run&fields=run_accession%2Csecondary_sample_accession%2Csample_accession%2Cexperiment_accession%2Clibrary_layout%2Cfastq_ftp%2Cfastq_md5%2Cfastq_bytes&format=tsv	2026-08-20T23:41:55+00:00	CANDIDATE
GSE81906	SRP075722	GSM2177582	SRR3588126	paired_2	https://ftp.sra.ebi.ac.uk/vol1/fastq/SRR358/006/SRR3588126/SRR3588126_2.fastq.gz	d16ca32dbf8611668380db0af2f6af45	706481970	PAIRED	SRS1467661	SAMN05177715	SRX1800514	https://www.ebi.ac.uk/ena/portal/api/filereport?accession=SRP075722&result=read_run&fields=run_accession%2Csecondary_sample_accession%2Csample_accession%2Cexperiment_accession%2Clibrary_layout%2Cfastq_ftp%2Cfastq_md5%2Cfastq_bytes&format=tsv	2026-08-20T23:41:55+00:00	CANDIDATE
GSE81906	SRP075722	GSM2177583	SRR3588127	orphan_unpaired	https://ftp.sra.ebi.ac.uk/vol1/fastq/SRR358/007/SRR3588127/SRR3588127.fastq.gz	77ee51e328c2ab429a88aab52891a6c4	224387413	PAIRED	SRS1467662	SAMN05177716	SRX1800515	https://www.ebi.ac.uk/ena/portal/api/filereport?accession=SRP075722&result=read_run&fields=run_accession%2Csecondary_sample_accession%2Csample_accession%2Cexperiment_accession%2Clibrary_layout%2Cfastq_ftp%2Cfastq_md5%2Cfastq_bytes&format=tsv	2026-08-20T23:41:55+00:00	CANDIDATE
GSE81906	SRP075722	GSM2177583	SRR3588127	paired_1	https://ftp.sra.ebi.ac.uk/vol1/fastq/SRR358/007/SRR3588127/SRR3588127_1.fastq.gz	fc272144768a5301454a610fb0af321b	924931617	PAIRED	SRS1467662	SAMN05177716	SRX1800515	https://www.ebi.ac.uk/ena/portal/api/filereport?accession=SRP075722&result=read_run&fields=run_accession%2Csecondary_sample_accession%2Csample_accession%2Cexperiment_accession%2Clibrary_layout%2Cfastq_ftp%2Cfastq_md5%2Cfastq_bytes&format=tsv	2026-08-20T23:41:55+00:00	CANDIDATE
GSE81906	SRP075722	GSM2177583	SRR3588127	paired_2	https://ftp.sra.ebi.ac.uk/vol1/fastq/SRR358/007/SRR3588127/SRR3588127_2.fastq.gz	0944119560ae80a51fb8ea6b4a0df023	988605420	PAIRED	SRS1467662	SAMN05177716	SRX1800515	https://www.ebi.ac.uk/ena/portal/api/filereport?accession=SRP075722&result=read_run&fields=run_accession%2Csecondary_sample_accession%2Csample_accession%2Cexperiment_accession%2Clibrary_layout%2Cfastq_ftp%2Cfastq_md5%2Cfastq_bytes&format=tsv	2026-08-20T23:41:55+00:00	CANDIDATE
GSE81906	SRP075722	GSM2177583	SRR3588128	orphan_unpaired	https://ftp.sra.ebi.ac.uk/vol1/fastq/SRR358/008/SRR3588128/SRR3588128.fastq.gz	07da65bd86e53d464cf0ea8c3b88e839	314224074	PAIRED	SRS1467662	SAMN05177716	SRX1800515	https://www.ebi.ac.uk/ena/portal/api/filereport?accession=SRP075722&result=read_run&fields=run_accession%2Csecondary_sample_accession%2Csample_accession%2Cexperiment_accession%2Clibrary_layout%2Cfastq_ftp%2Cfastq_md5%2Cfastq_bytes&format=tsv	2026-08-20T23:41:55+00:00	CANDIDATE
GSE81906	SRP075722	GSM2177583	SRR3588128	paired_1	https://ftp.sra.ebi.ac.uk/vol1/fastq/SRR358/008/SRR3588128/SRR3588128_1.fastq.gz	b6f092a719a36205ee3b81924faa7a5f	464083283	PAIRED	SRS1467662	SAMN05177716	SRX1800515	https://www.ebi.ac.uk/ena/portal/api/filereport?accession=SRP075722&result=read_run&fields=run_accession%2Csecondary_sample_accession%2Csample_accession%2Cexperiment_accession%2Clibrary_layout%2Cfastq_ftp%2Cfastq_md5%2Cfastq_bytes&format=tsv	2026-08-20T23:41:55+00:00	CANDIDATE
GSE81906	SRP075722	GSM2177583	SRR3588128	paired_2	https://ftp.sra.ebi.ac.uk/vol1/fastq/SRR358/008/SRR3588128/SRR3588128_2.fastq.gz	4f023b71f0f0da39dd876fc4b997117e	495939500	PAIRED	SRS1467662	SAMN05177716	SRX1800515	https://www.ebi.ac.uk/ena/portal/api/filereport?accession=SRP075722&result=read_run&fields=run_accession%2Csecondary_sample_accession%2Csample_accession%2Cexperiment_accession%2Clibrary_layout%2Cfastq_ftp%2Cfastq_md5%2Cfastq_bytes&format=tsv	2026-08-20T23:41:55+00:00	CANDIDATE
GSE81906	SRP075722	GSM2177584	SRR3588129	orphan_unpaired	https://ftp.sra.ebi.ac.uk/vol1/fastq/SRR358/009/SRR3588129/SRR3588129.fastq.gz	abd819e86d21068706d0154919efe7f6	297143666	PAIRED	SRS1467663	SAMN05177717	SRX1800516	https://www.ebi.ac.uk/ena/portal/api/filereport?accession=SRP075722&result=read_run&fields=run_accession%2Csecondary_sample_accession%2Csample_accession%2Cexperiment_accession%2Clibrary_layout%2Cfastq_ftp%2Cfastq_md5%2Cfastq_bytes&format=tsv	2026-08-20T23:41:55+00:00	CANDIDATE
GSE81906	SRP075722	GSM2177584	SRR3588129	paired_1	https://ftp.sra.ebi.ac.uk/vol1/fastq/SRR358/009/SRR3588129/SRR3588129_1.fastq.gz	9ecb76b70c22fcb907c0bff6d9c7c0a1	1262238840	PAIRED	SRS1467663	SAMN05177717	SRX1800516	https://www.ebi.ac.uk/ena/portal/api/filereport?accession=SRP075722&result=read_run&fields=run_accession%2Csecondary_sample_accession%2Csample_accession%2Cexperiment_accession%2Clibrary_layout%2Cfastq_ftp%2Cfastq_md5%2Cfastq_bytes&format=tsv	2026-08-20T23:41:55+00:00	CANDIDATE
GSE81906	SRP075722	GSM2177584	SRR3588129	paired_2	https://ftp.sra.ebi.ac.uk/vol1/fastq/SRR358/009/SRR3588129/SRR3588129_2.fastq.gz	7deb0307725a9c195bd52c1d7cde91be	1339844802	PAIRED	SRS1467663	SAMN05177717	SRX1800516	https://www.ebi.ac.uk/ena/portal/api/filereport?accession=SRP075722&result=read_run&fields=run_accession%2Csecondary_sample_accession%2Csample_accession%2Cexperiment_accession%2Clibrary_layout%2Cfastq_ftp%2Cfastq_md5%2Cfastq_bytes&format=tsv	2026-08-20T23:41:55+00:00	CANDIDATE
GSE81906	SRP075722	GSM2177584	SRR3588130	orphan_unpaired	https://ftp.sra.ebi.ac.uk/vol1/fastq/SRR358/000/SRR3588130/SRR3588130.fastq.gz	9c3822f8e1c489b3a88de33ca4d4f4e9	424941473	PAIRED	SRS1467663	SAMN05177717	SRX1800516	https://www.ebi.ac.uk/ena/portal/api/filereport?accession=SRP075722&result=read_run&fields=run_accession%2Csecondary_sample_accession%2Csample_accession%2Cexperiment_accession%2Clibrary_layout%2Cfastq_ftp%2Cfastq_md5%2Cfastq_bytes&format=tsv	2026-08-20T23:41:55+00:00	CANDIDATE
GSE81906	SRP075722	GSM2177584	SRR3588130	paired_1	https://ftp.sra.ebi.ac.uk/vol1/fastq/SRR358/000/SRR3588130/SRR3588130_1.fastq.gz	3caf5c850df4f42f46c3500cee3e5f5c	648481128	PAIRED	SRS1467663	SAMN05177717	SRX1800516	https://www.ebi.ac.uk/ena/portal/api/filereport?accession=SRP075722&result=read_run&fields=run_accession%2Csecondary_sample_accession%2Csample_accession%2Cexperiment_accession%2Clibrary_layout%2Cfastq_ftp%2Cfastq_md5%2Cfastq_bytes&format=tsv	2026-08-20T23:41:55+00:00	CANDIDATE
GSE81906	SRP075722	GSM2177584	SRR3588130	paired_2	https://ftp.sra.ebi.ac.uk/vol1/fastq/SRR358/000/SRR3588130/SRR3588130_2.fastq.gz	daaf97965be831345d0f079657c5f25a	693966206	PAIRED	SRS1467663	SAMN05177717	SRX1800516	https://www.ebi.ac.uk/ena/portal/api/filereport?accession=SRP075722&result=read_run&fields=run_accession%2Csecondary_sample_accession%2Csample_accession%2Cexperiment_accession%2Clibrary_layout%2Cfastq_ftp%2Cfastq_md5%2Cfastq_bytes&format=tsv	2026-08-20T23:41:55+00:00	CANDIDATE
GSE81906	SRP075722	GSM2177585	SRR3588131	orphan_unpaired	https://ftp.sra.ebi.ac.uk/vol1/fastq/SRR358/001/SRR3588131/SRR3588131.fastq.gz	cf845ab06da76d67f1b0d01ba74dbc7a	246729230	PAIRED	SRS1467664	SAMN05177718	SRX1800517	https://www.ebi.ac.uk/ena/portal/api/filereport?accession=SRP075722&result=read_run&fields=run_accession%2Csecondary_sample_accession%2Csample_accession%2Cexperiment_accession%2Clibrary_layout%2Cfastq_ftp%2Cfastq_md5%2Cfastq_bytes&format=tsv	2026-08-20T23:41:55+00:00	CANDIDATE
GSE81906	SRP075722	GSM2177585	SRR3588131	paired_1	https://ftp.sra.ebi.ac.uk/vol1/fastq/SRR358/001/SRR3588131/SRR3588131_1.fastq.gz	52553147629beaeaca5ccf198662f6a4	1061762684	PAIRED	SRS1467664	SAMN05177718	SRX1800517	https://www.ebi.ac.uk/ena/portal/api/filereport?accession=SRP075722&result=read_run&fields=run_accession%2Csecondary_sample_accession%2Csample_accession%2Cexperiment_accession%2Clibrary_layout%2Cfastq_ftp%2Cfastq_md5%2Cfastq_bytes&format=tsv	2026-08-20T23:41:55+00:00	CANDIDATE
GSE81906	SRP075722	GSM2177585	SRR3588131	paired_2	https://ftp.sra.ebi.ac.uk/vol1/fastq/SRR358/001/SRR3588131/SRR3588131_2.fastq.gz	192a63fb9e9ec725b709931aa24c6834	1128148911	PAIRED	SRS1467664	SAMN05177718	SRX1800517	https://www.ebi.ac.uk/ena/portal/api/filereport?accession=SRP075722&result=read_run&fields=run_accession%2Csecondary_sample_accession%2Csample_accession%2Cexperiment_accession%2Clibrary_layout%2Cfastq_ftp%2Cfastq_md5%2Cfastq_bytes&format=tsv	2026-08-20T23:41:55+00:00	CANDIDATE
GSE81906	SRP075722	GSM2177585	SRR3588132	orphan_unpaired	https://ftp.sra.ebi.ac.uk/vol1/fastq/SRR358/002/SRR3588132/SRR3588132.fastq.gz	7eba93acbcbd3e85ca90b7e0004ac7b3	353539351	PAIRED	SRS1467664	SAMN05177718	SRX1800517	https://www.ebi.ac.uk/ena/portal/api/filereport?accession=SRP075722&result=read_run&fields=run_accession%2Csecondary_sample_accession%2Csample_accession%2Cexperiment_accession%2Clibrary_layout%2Cfastq_ftp%2Cfastq_md5%2Cfastq_bytes&format=tsv	2026-08-20T23:41:55+00:00	CANDIDATE
GSE81906	SRP075722	GSM2177585	SRR3588132	paired_1	https://ftp.sra.ebi.ac.uk/vol1/fastq/SRR358/002/SRR3588132/SRR3588132_1.fastq.gz	007dfb0426f21a279fb4b399f88316b9	544046157	PAIRED	SRS1467664	SAMN05177718	SRX1800517	https://www.ebi.ac.uk/ena/portal/api/filereport?accession=SRP075722&result=read_run&fields=run_accession%2Csecondary_sample_accession%2Csample_accession%2Cexperiment_accession%2Clibrary_layout%2Cfastq_ftp%2Cfastq_md5%2Cfastq_bytes&format=tsv	2026-08-20T23:41:55+00:00	CANDIDATE
GSE81906	SRP075722	GSM2177585	SRR3588132	paired_2	https://ftp.sra.ebi.ac.uk/vol1/fastq/SRR358/002/SRR3588132/SRR3588132_2.fastq.gz	269adfdffa9933de3044fc4f1488be06	580575533	PAIRED	SRS1467664	SAMN05177718	SRX1800517	https://www.ebi.ac.uk/ena/portal/api/filereport?accession=SRP075722&result=read_run&fields=run_accession%2Csecondary_sample_accession%2Csample_accession%2Cexperiment_accession%2Clibrary_layout%2Cfastq_ftp%2Cfastq_md5%2Cfastq_bytes&format=tsv	2026-08-20T23:41:55+00:00	CANDIDATE
GSE81906	SRP075722	GSM2177586	SRR3588133	orphan_unpaired	https://ftp.sra.ebi.ac.uk/vol1/fastq/SRR358/003/SRR3588133/SRR3588133.fastq.gz	78fde3c70814688add1ca9f83c022922	224484914	PAIRED	SRS1467665	SAMN05177719	SRX1800518	https://www.ebi.ac.uk/ena/portal/api/filereport?accession=SRP075722&result=read_run&fields=run_accession%2Csecondary_sample_accession%2Csample_accession%2Cexperiment_accession%2Clibrary_layout%2Cfastq_ftp%2Cfastq_md5%2Cfastq_bytes&format=tsv	2026-08-20T23:41:55+00:00	CANDIDATE
GSE81906	SRP075722	GSM2177586	SRR3588133	paired_1	https://ftp.sra.ebi.ac.uk/vol1/fastq/SRR358/003/SRR3588133/SRR3588133_1.fastq.gz	4130adfdd2b125d401518cc1e3b5564b	954857829	PAIRED	SRS1467665	SAMN05177719	SRX1800518	https://www.ebi.ac.uk/ena/portal/api/filereport?accession=SRP075722&result=read_run&fields=run_accession%2Csecondary_sample_accession%2Csample_accession%2Cexperiment_accession%2Clibrary_layout%2Cfastq_ftp%2Cfastq_md5%2Cfastq_bytes&format=tsv	2026-08-20T23:41:55+00:00	CANDIDATE
GSE81906	SRP075722	GSM2177586	SRR3588133	paired_2	https://ftp.sra.ebi.ac.uk/vol1/fastq/SRR358/003/SRR3588133/SRR3588133_2.fastq.gz	74a2828703de11ffc2468e4b47ea749b	1013716482	PAIRED	SRS1467665	SAMN05177719	SRX1800518	https://www.ebi.ac.uk/ena/portal/api/filereport?accession=SRP075722&result=read_run&fields=run_accession%2Csecondary_sample_accession%2Csample_accession%2Cexperiment_accession%2Clibrary_layout%2Cfastq_ftp%2Cfastq_md5%2Cfastq_bytes&format=tsv	2026-08-20T23:41:55+00:00	CANDIDATE
GSE81906	SRP075722	GSM2177586	SRR3588134	orphan_unpaired	https://ftp.sra.ebi.ac.uk/vol1/fastq/SRR358/004/SRR3588134/SRR3588134.fastq.gz	134cfc66c3f37b9ecf99deedd919b3c6	319424122	PAIRED	SRS1467665	SAMN05177719	SRX1800518	https://www.ebi.ac.uk/ena/portal/api/filereport?accession=SRP075722&result=read_run&fields=run_accession%2Csecondary_sample_accession%2Csample_accession%2Cexperiment_accession%2Clibrary_layout%2Cfastq_ftp%2Cfastq_md5%2Cfastq_bytes&format=tsv	2026-08-20T23:41:55+00:00	CANDIDATE
GSE81906	SRP075722	GSM2177586	SRR3588134	paired_1	https://ftp.sra.ebi.ac.uk/vol1/fastq/SRR358/004/SRR3588134/SRR3588134_1.fastq.gz	215ed86273f2976b84ef83ab86c960fc	485048453	PAIRED	SRS1467665	SAMN05177719	SRX1800518	https://www.ebi.ac.uk/ena/portal/api/filereport?accession=SRP075722&result=read_run&fields=run_accession%2Csecondary_sample_accession%2Csample_accession%2Cexperiment_accession%2Clibrary_layout%2Cfastq_ftp%2Cfastq_md5%2Cfastq_bytes&format=tsv	2026-08-20T23:41:55+00:00	CANDIDATE
GSE81906	SRP075722	GSM2177586	SRR3588134	paired_2	https://ftp.sra.ebi.ac.uk/vol1/fastq/SRR358/004/SRR3588134/SRR3588134_2.fastq.gz	91eec5e06ca9a331a3ae3481292dcd8b	518584137	PAIRED	SRS1467665	SAMN05177719	SRX1800518	https://www.ebi.ac.uk/ena/portal/api/filereport?accession=SRP075722&result=read_run&fields=run_accession%2Csecondary_sample_accession%2Csample_accession%2Cexperiment_accession%2Clibrary_layout%2Cfastq_ftp%2Cfastq_md5%2Cfastq_bytes&format=tsv	2026-08-20T23:41:55+00:00	CANDIDATE
GSE81906	SRP075722	GSM2177587	SRR3588135	orphan_unpaired	https://ftp.sra.ebi.ac.uk/vol1/fastq/SRR358/005/SRR3588135/SRR3588135.fastq.gz	232714fc52d9a9aa79819b1db897d507	217348223	PAIRED	SRS1467666	SAMN05177720	SRX1800519	https://www.ebi.ac.uk/ena/portal/api/filereport?accession=SRP075722&result=read_run&fields=run_accession%2Csecondary_sample_accession%2Csample_accession%2Cexperiment_accession%2Clibrary_layout%2Cfastq_ftp%2Cfastq_md5%2Cfastq_bytes&format=tsv	2026-08-20T23:41:55+00:00	CANDIDATE
GSE81906	SRP075722	GSM2177587	SRR3588135	paired_1	https://ftp.sra.ebi.ac.uk/vol1/fastq/SRR358/005/SRR3588135/SRR3588135_1.fastq.gz	fe05cd03586d095ef07bb46ffff2460e	899459457	PAIRED	SRS1467666	SAMN05177720	SRX1800519	https://www.ebi.ac.uk/ena/portal/api/filereport?accession=SRP075722&result=read_run&fields=run_accession%2Csecondary_sample_accession%2Csample_accession%2Cexperiment_accession%2Clibrary_layout%2Cfastq_ftp%2Cfastq_md5%2Cfastq_bytes&format=tsv	2026-08-20T23:41:55+00:00	CANDIDATE
GSE81906	SRP075722	GSM2177587	SRR3588135	paired_2	https://ftp.sra.ebi.ac.uk/vol1/fastq/SRR358/005/SRR3588135/SRR3588135_2.fastq.gz	414b97ae468b4c9bbbd4955940367f11	958272138	PAIRED	SRS1467666	SAMN05177720	SRX1800519	https://www.ebi.ac.uk/ena/portal/api/filereport?accession=SRP075722&result=read_run&fields=run_accession%2Csecondary_sample_accession%2Csample_accession%2Cexperiment_accession%2Clibrary_layout%2Cfastq_ftp%2Cfastq_md5%2Cfastq_bytes&format=tsv	2026-08-20T23:41:55+00:00	CANDIDATE
GSE81906	SRP075722	GSM2177587	SRR3588136	orphan_unpaired	https://ftp.sra.ebi.ac.uk/vol1/fastq/SRR358/006/SRR3588136/SRR3588136.fastq.gz	95f1c9df7a425e1942f3a645c186188a	307188753	PAIRED	SRS1467666	SAMN05177720	SRX1800519	https://www.ebi.ac.uk/ena/portal/api/filereport?accession=SRP075722&result=read_run&fields=run_accession%2Csecondary_sample_accession%2Csample_accession%2Cexperiment_accession%2Clibrary_layout%2Cfastq_ftp%2Cfastq_md5%2Cfastq_bytes&format=tsv	2026-08-20T23:41:55+00:00	CANDIDATE
GSE81906	SRP075722	GSM2177587	SRR3588136	paired_1	https://ftp.sra.ebi.ac.uk/vol1/fastq/SRR358/006/SRR3588136/SRR3588136_1.fastq.gz	cbb50aa6156d9ff7b73a8eafc0e3fab5	449068254	PAIRED	SRS1467666	SAMN05177720	SRX1800519	https://www.ebi.ac.uk/ena/portal/api/filereport?accession=SRP075722&result=read_run&fields=run_accession%2Csecondary_sample_accession%2Csample_accession%2Cexperiment_accession%2Clibrary_layout%2Cfastq_ftp%2Cfastq_md5%2Cfastq_bytes&format=tsv	2026-08-20T23:41:55+00:00	CANDIDATE
GSE81906	SRP075722	GSM2177587	SRR3588136	paired_2	https://ftp.sra.ebi.ac.uk/vol1/fastq/SRR358/006/SRR3588136/SRR3588136_2.fastq.gz	f6854ab327d085003119db95da9bddb7	479350044	PAIRED	SRS1467666	SAMN05177720	SRX1800519	https://www.ebi.ac.uk/ena/portal/api/filereport?accession=SRP075722&result=read_run&fields=run_accession%2Csecondary_sample_accession%2Csample_accession%2Cexperiment_accession%2Clibrary_layout%2Cfastq_ftp%2Cfastq_md5%2Cfastq_bytes&format=tsv	2026-08-20T23:41:55+00:00	CANDIDATE
